-- MySQL dump 10.13  Distrib 5.7.21-21, for debian-linux-gnu (x86_64)
--
-- Host: localhost    Database: thesisdb
-- ------------------------------------------------------
-- Server version	5.7.21-21

/*!40101 SET @OLD_CHARACTER_SET_CLIENT=@@CHARACTER_SET_CLIENT */;
/*!40101 SET @OLD_CHARACTER_SET_RESULTS=@@CHARACTER_SET_RESULTS */;
/*!40101 SET @OLD_COLLATION_CONNECTION=@@COLLATION_CONNECTION */;
/*!40101 SET NAMES utf8 */;
/*!40103 SET @OLD_TIME_ZONE=@@TIME_ZONE */;
/*!40103 SET TIME_ZONE='+00:00' */;
/*!40014 SET @OLD_UNIQUE_CHECKS=@@UNIQUE_CHECKS, UNIQUE_CHECKS=0 */;
/*!40014 SET @OLD_FOREIGN_KEY_CHECKS=@@FOREIGN_KEY_CHECKS, FOREIGN_KEY_CHECKS=0 */;
/*!40101 SET @OLD_SQL_MODE=@@SQL_MODE, SQL_MODE='NO_AUTO_VALUE_ON_ZERO' */;
/*!40111 SET @OLD_SQL_NOTES=@@SQL_NOTES, SQL_NOTES=0 */;
/*!50717 SELECT COUNT(*) INTO @rocksdb_has_p_s_session_variables FROM INFORMATION_SCHEMA.TABLES WHERE TABLE_SCHEMA = 'performance_schema' AND TABLE_NAME = 'session_variables' */;
/*!50717 SET @rocksdb_get_is_supported = IF (@rocksdb_has_p_s_session_variables, 'SELECT COUNT(*) INTO @rocksdb_is_supported FROM performance_schema.session_variables WHERE VARIABLE_NAME=\'rocksdb_bulk_load\'', 'SELECT 0') */;
/*!50717 PREPARE s FROM @rocksdb_get_is_supported */;
/*!50717 EXECUTE s */;
/*!50717 DEALLOCATE PREPARE s */;
/*!50717 SET @rocksdb_enable_bulk_load = IF (@rocksdb_is_supported, 'SET SESSION rocksdb_bulk_load = 1', 'SET @rocksdb_dummy_bulk_load = 0') */;
/*!50717 PREPARE s FROM @rocksdb_enable_bulk_load */;
/*!50717 EXECUTE s */;
/*!50717 DEALLOCATE PREPARE s */;

--
-- Current Database: `thesisdb`
--

USE `bkpthesisdb`;

--
-- Table structure for table `clustering_metric`
--

DROP TABLE IF EXISTS `clustering_metric`;
/*!40101 SET @saved_cs_client     = @@character_set_client */;
/*!40101 SET character_set_client = utf8 */;
CREATE TABLE `clustering_metric` (
  `id` bigint(20) NOT NULL AUTO_INCREMENT,
  `dataset_id` bigint(20) DEFAULT NULL,
  `algorithm` varchar(15) DEFAULT NULL,
  `total_clusters` int(11) DEFAULT NULL,
  `single_element_clusters` int(11) DEFAULT NULL,
  `samples_not_considered` bigint(20) DEFAULT NULL,
  `elap_time` decimal(19,4) DEFAULT NULL,
  `silhouette_score` decimal(19,4) DEFAULT NULL,
  `calinski_harabaz_score` decimal(19,4) DEFAULT NULL,
  `wb_index` decimal(19,4) DEFAULT NULL,
  `dunn_index` decimal(19,4) DEFAULT NULL,
  `davies_bouldin_score` decimal(19,4) DEFAULT NULL,
  PRIMARY KEY (`id`)
) ENGINE=InnoDB AUTO_INCREMENT=454 DEFAULT CHARSET=latin1;
/*!40101 SET character_set_client = @saved_cs_client */;

--
-- Dumping data for table `clustering_metric`
--

LOCK TABLES `clustering_metric` WRITE;
/*!40000 ALTER TABLE `clustering_metric` DISABLE KEYS */;
INSERT INTO `clustering_metric` VALUES (131,23,'kmeans_++',4,0,0,0.1459,0.0880,87.5844,1241.0510,0.0956,2.3700),(132,23,'kmeans_random',5,0,0,0.1468,0.0943,83.7866,1253.2268,0.1079,2.1801),(133,23,'kmeans_pca',6,0,0,0.1515,0.0870,74.5893,1088.7758,0.0776,2.1981),(134,24,'kmeans_++',5,0,0,0.1465,0.0895,82.7332,1213.3952,0.0892,2.2563),(135,24,'kmeans_random',5,0,0,0.1464,0.0912,83.1508,1367.5653,0.0892,2.2442),(136,24,'kmeans_pca',3,0,0,0.1568,0.0861,93.7879,1175.4126,0.1033,2.6226),(137,24,'dbscan',0,0,0,0.0000,NULL,NULL,NULL,NULL,NULL),(138,24,'birch',3,0,0,0.0683,0.0491,63.0724,1855.8864,0.1357,3.1725),(139,24,'meanshift',1,0,0,0.0000,NULL,NULL,NULL,NULL,NULL),(140,25,'kmeans_++',6,0,0,0.1437,0.1048,73.1083,938.6409,0.0815,2.1525),(141,25,'kmeans_random',4,0,0,0.1434,0.1007,80.0206,811.7410,0.0899,2.4250),(142,25,'kmeans_pca',4,0,0,0.1449,0.0914,80.4261,940.6000,0.0802,2.5164),(143,25,'dbscan',0,0,0,0.0000,NULL,NULL,NULL,NULL,NULL),(144,25,'birch',10,0,0,0.0912,0.0669,44.8645,2125.3838,0.1456,2.3137),(145,25,'meanshift',1,0,0,0.0000,NULL,NULL,NULL,NULL,NULL),(146,26,'kmeans_++',3,0,0,0.2584,0.0435,45.0451,6255.0934,0.0234,3.7358),(147,26,'kmeans_random',8,0,0,0.1523,0.0428,32.0258,10836.3239,0.0236,2.8686),(148,26,'kmeans_pca',4,0,0,0.1568,0.0427,40.8035,10269.2539,0.0210,3.4828),(149,26,'dbscan',0,0,0,0.0000,NULL,NULL,NULL,NULL,NULL),(150,26,'birch',3,0,0,0.0685,0.0200,22.6133,40083.3277,0.0560,5.3772),(151,26,'meanshift',1,0,0,0.0000,NULL,NULL,NULL,NULL,NULL),(152,27,'kmeans_++',5,0,0,0.2525,0.0294,24.7441,32499.5171,0.2979,4.0931),(153,27,'kmeans_random',7,0,0,0.1520,0.0177,22.3038,38357.0939,0.2617,3.6693),(154,27,'kmeans_pca',5,0,0,0.1531,0.0239,24.7676,32279.2124,0.0369,4.0574),(155,27,'dbscan',0,0,0,0.0000,NULL,NULL,NULL,NULL,NULL),(156,27,'birch',3,0,0,0.0974,0.0310,16.5135,842920.7624,0.2903,6.0854),(157,27,'meanshift',1,0,0,0.0000,NULL,NULL,NULL,NULL,NULL),(158,28,'kmeans_++',5,0,0,0.1458,0.1314,77.7754,1068.1084,0.0127,2.0514),(159,28,'kmeans_random',4,0,0,0.1454,0.1272,82.5461,1110.7957,0.0131,2.2032),(160,28,'kmeans_pca',6,0,0,0.1458,0.1305,72.7806,1645.9198,0.0144,2.0588),(161,28,'dbscan',0,0,0,0.0000,NULL,NULL,NULL,NULL,NULL),(162,28,'birch',7,0,0,0.0727,0.1971,45.3361,1449.3691,0.0109,2.3770),(163,28,'meanshift',19,3,0,0.8606,0.1944,16.0660,4880.4343,0.1106,1.7444),(164,29,'kmeans_++',3,0,0,0.1539,0.3303,206.2982,360.4469,0.0168,1.7023),(165,29,'kmeans_random',3,0,0,0.1443,0.3290,205.9827,395.9613,0.0159,1.6037),(166,29,'kmeans_pca',3,0,0,0.1489,0.2272,194.4278,323.2244,0.0148,1.8671),(167,29,'dbscan',2,0,517,0.0202,0.3293,249.7188,136.6505,0.0586,0.7375),(168,29,'birch',3,0,0,0.0576,0.2904,127.9307,508.0496,0.0144,1.9713),(169,29,'meanshift',18,157,0,1.7857,0.1530,22.9150,2519.7236,0.0319,0.9593),(170,30,'kmeans_++',4,0,0,0.1461,0.1243,105.3301,857.1063,0.1100,2.2244),(171,30,'kmeans_random',4,0,0,0.1455,0.1239,104.8910,905.9198,0.1100,2.2142),(172,30,'kmeans_pca',4,0,0,0.1649,0.1185,102.4194,1044.5886,0.1004,2.2691),(173,30,'dbscan',0,0,0,0.0000,NULL,NULL,NULL,NULL,NULL),(174,30,'birch',10,0,0,0.0914,0.0749,54.0042,2164.9512,0.1406,2.2069),(175,30,'meanshift',1,0,0,0.0000,NULL,NULL,NULL,NULL,NULL),(176,31,'kmeans_++',3,0,0,0.1586,0.1654,149.2831,493.0419,0.0957,2.2792),(177,31,'kmeans_random',3,0,0,0.1505,0.1648,149.2077,497.9881,0.0957,2.2771),(178,31,'kmeans_pca',3,0,0,0.1462,0.1579,145.4962,490.9229,0.0967,1.9569),(179,31,'dbscan',0,0,0,0.0000,NULL,NULL,NULL,NULL,NULL),(180,31,'birch',10,0,0,0.0837,0.1332,61.5180,1894.9597,0.1251,2.0949),(181,31,'meanshift',1,0,0,0.0000,NULL,NULL,NULL,NULL,NULL),(182,32,'kmeans_++',3,0,0,0.1524,0.3018,209.6620,206.7913,0.0880,1.7115),(183,32,'kmeans_random',3,0,0,0.1511,0.3035,209.6939,211.3725,0.1004,1.7231),(184,32,'kmeans_pca',3,0,0,0.1527,0.3024,209.4211,214.6345,0.0880,1.7232),(185,32,'dbscan',0,0,0,0.0000,NULL,NULL,NULL,NULL,NULL),(186,32,'birch',10,0,0,0.0718,0.3203,79.6796,1165.0061,0.1675,2.0148),(187,32,'meanshift',1,0,0,0.0000,NULL,NULL,NULL,NULL,NULL),(188,33,'kmeans_++',10,0,0,0.1451,0.2167,100.0635,1524.6000,0.0747,1.7748),(189,33,'kmeans_random',8,0,0,0.1520,0.2091,110.1368,1347.8070,0.1092,1.7805),(190,33,'kmeans_pca',8,0,0,0.2235,0.2094,110.2407,1625.1438,0.1184,1.7846),(191,33,'dbscan',0,0,0,0.0000,NULL,NULL,NULL,NULL,NULL),(192,33,'birch',8,0,0,0.0813,0.1112,65.3717,3419.5448,0.1560,2.4020),(193,33,'meanshift',1,0,0,0.0000,NULL,NULL,NULL,NULL,NULL),(194,34,'kmeans_++',4,0,0,0.1447,0.2913,213.5918,429.4053,0.1064,1.6023),(195,34,'kmeans_random',4,0,0,0.1452,0.2903,213.8839,434.8304,0.1048,1.6121),(196,34,'kmeans_pca',5,0,0,0.1517,0.3104,182.6398,506.0129,0.1124,1.9713),(197,34,'dbscan',2,0,451,0.0210,0.5804,640.1689,171.3256,0.2293,0.6017),(198,34,'birch',10,0,0,0.0698,0.2683,89.9084,869.5437,0.1549,1.9478),(199,34,'meanshift',1,0,0,0.0000,NULL,NULL,NULL,NULL,NULL),(200,35,'kmeans_++',10,0,0,0.1459,0.2070,98.9733,1680.2972,0.1013,1.6660),(201,35,'kmeans_random',9,0,0,0.1442,0.1993,100.4393,1527.5187,0.0992,1.7324),(202,35,'kmeans_pca',8,0,0,0.1449,0.1731,98.1944,1926.3269,0.1081,1.8523),(203,35,'dbscan',2,0,554,0.0236,0.1331,29.0069,2074.0787,0.2080,1.7162),(204,35,'birch',9,0,0,0.0818,0.1198,68.2334,3087.7415,0.1319,2.1463),(205,35,'meanshift',1,0,0,0.0000,NULL,NULL,NULL,NULL,NULL),(206,36,'kmeans_++',3,0,0,0.1544,0.2280,188.3418,1149.5159,0.1009,1.6516),(207,36,'kmeans_random',6,0,0,0.1464,0.3193,172.5209,1115.9979,0.1311,1.6305),(208,36,'kmeans_pca',5,0,0,0.1567,0.2543,153.1990,892.7466,0.1102,1.8626),(209,36,'dbscan',2,0,375,0.0235,0.2865,140.6801,864.4348,0.3333,0.8257),(210,36,'birch',10,0,0,0.0686,0.2262,76.8699,1900.3554,0.1695,2.1606),(211,36,'meanshift',1,0,0,0.0000,NULL,NULL,NULL,NULL,NULL),(212,37,'kmeans_++',7,0,0,0.1517,0.0875,67.6839,1390.0275,0.0675,2.0110),(213,37,'kmeans_random',8,0,0,0.1448,0.0932,65.4234,1848.8156,0.0650,1.9624),(214,37,'kmeans_pca',4,0,0,0.1528,0.0829,79.9417,1785.1698,0.0598,2.4139),(215,37,'dbscan',0,0,0,0.0000,NULL,NULL,NULL,NULL,NULL),(216,37,'birch',8,0,0,0.0989,0.0426,45.5527,3074.0143,0.0886,2.5249),(217,37,'meanshift',13,15,0,0.9677,0.2146,10.1081,8902.0997,0.1015,1.1871),(218,38,'kmeans_++',4,0,0,0.1458,0.1081,65.0181,1910.8706,0.0350,2.4258),(219,38,'kmeans_random',10,0,0,0.1477,0.0659,57.6823,2260.3870,0.0397,1.8693),(220,38,'kmeans_pca',6,0,0,0.1468,0.0661,60.8453,2511.4271,0.0366,2.1770),(221,38,'dbscan',0,0,0,0.0000,NULL,NULL,NULL,NULL,NULL),(222,38,'birch',6,0,0,0.0910,0.5610,58.7244,2582.6253,0.2709,1.9361),(223,38,'meanshift',5,112,0,0.8753,0.6008,27.0311,10290.7781,0.7836,0.4705),(224,39,'kmeans_++',5,0,0,0.1456,0.0711,64.4567,1038.6987,0.0394,2.2577),(225,39,'kmeans_random',3,0,0,0.1607,0.0736,74.3826,728.3490,0.0449,2.6439),(226,39,'kmeans_pca',3,0,0,0.1516,0.0739,73.9413,859.7050,0.0402,2.6532),(227,39,'dbscan',0,0,0,0.0000,NULL,NULL,NULL,NULL,NULL),(228,39,'birch',3,0,0,0.0779,0.3572,43.6489,20109.1826,0.1921,2.3733),(229,39,'meanshift',44,30,0,0.8696,0.2674,16.0895,5734.3254,0.1931,1.2037),(230,40,'kmeans_++',7,0,0,0.1455,0.1274,77.4757,2065.1935,0.0187,2.0108),(231,40,'kmeans_random',5,0,0,0.1449,0.1092,86.3461,1417.9105,0.0100,2.2590),(232,40,'kmeans_pca',8,0,0,0.1459,0.1238,71.8861,2107.2962,0.0211,1.9538),(233,40,'dbscan',0,0,0,0.0000,NULL,NULL,NULL,NULL,NULL),(234,40,'birch',10,0,0,0.0924,0.0497,40.9456,2061.1814,0.0170,2.3803),(235,40,'meanshift',16,10,0,0.9761,0.2178,11.7495,11744.1336,0.1679,1.0627),(236,41,'kmeans_++',6,0,0,0.1457,0.1369,84.4810,1202.2983,0.0750,2.0277),(237,41,'kmeans_random',5,0,0,0.1469,0.1380,89.8080,940.8656,0.0766,2.1273),(238,41,'kmeans_pca',5,0,0,0.1533,0.1338,87.9091,1732.2093,0.0616,2.2097),(239,41,'dbscan',0,0,0,0.0000,NULL,NULL,NULL,NULL,NULL),(240,41,'birch',9,0,0,0.0971,0.0854,45.2005,2213.8284,0.0951,2.3303),(241,41,'meanshift',19,2,0,0.9739,0.1910,11.0075,7055.0528,0.1730,1.2285),(242,42,'kmeans_++',5,0,0,0.1492,0.1143,88.8904,851.0213,0.0100,2.1323),(243,42,'kmeans_random',3,0,0,0.1536,0.1093,100.7291,893.9131,0.0098,2.3713),(244,42,'kmeans_pca',7,0,0,0.1458,0.1246,76.6874,994.9611,0.0080,1.9727),(245,42,'dbscan',0,0,0,0.0000,NULL,NULL,NULL,NULL,NULL),(246,42,'birch',8,0,0,0.0878,0.0652,42.5718,1825.6914,0.0119,2.3315),(247,42,'meanshift',23,0,0,0.9673,0.2004,13.1080,4145.3960,0.1420,1.3457),(248,43,'kmeans_++',8,0,0,0.1454,0.3588,137.6152,1173.4138,0.0855,1.7322),(249,43,'kmeans_random',7,0,0,0.1475,0.3495,147.5864,1102.1967,0.0964,1.7313),(250,43,'kmeans_pca',5,0,0,0.1617,0.3766,177.2434,991.0403,0.0101,1.8532),(251,43,'dbscan',3,0,498,0.0130,0.9404,34774.5853,447.6223,0.8993,0.1765),(252,43,'birch',3,0,0,0.0630,0.2556,109.4613,5354.5412,0.1129,1.9657),(253,43,'meanshift',26,20,0,0.9839,0.1984,12.1706,8402.6537,0.0946,1.3541),(254,44,'kmeans_++',7,0,0,0.1451,0.3670,126.6067,1687.7719,0.0133,1.6016),(255,44,'kmeans_random',10,0,0,0.1690,0.3748,105.3411,1741.4993,0.0145,1.5228),(256,44,'kmeans_pca',6,0,0,0.1470,0.3605,128.6112,1809.5189,0.0129,1.7329),(257,44,'dbscan',3,0,494,0.0194,0.9257,7007.5146,2304.8390,0.6063,0.2417),(258,44,'birch',9,0,0,0.0664,0.5740,71.9048,2404.9558,0.2682,1.5814),(259,44,'meanshift',10,96,0,0.8692,0.5950,29.0322,3183.0710,0.4447,0.6511),(260,45,'kmeans_++',4,0,0,0.1457,0.3213,154.5129,1467.9204,0.0687,1.8586),(261,45,'kmeans_random',7,0,0,0.1460,0.3629,122.2048,1393.6260,0.0653,1.6745),(262,45,'kmeans_pca',8,0,0,0.1469,0.3694,111.0482,1765.7506,0.0711,1.7363),(263,45,'dbscan',3,0,498,0.0110,0.9795,121479.6638,1988.4758,3.6493,0.0716),(264,45,'birch',3,0,0,0.0710,0.3991,83.9921,1781.2126,0.0745,2.4527),(265,45,'meanshift',39,61,0,0.9702,0.3574,19.7304,6199.0245,0.1999,1.0313),(266,46,'kmeans_++',3,0,0,0.1760,0.1489,114.9332,366.1721,0.0119,2.1017),(267,46,'kmeans_random',3,0,0,0.1522,0.1486,114.9312,368.4612,0.0083,2.1068),(268,46,'kmeans_pca',3,0,0,0.1522,0.1188,103.9051,412.9909,0.0052,2.1982),(269,46,'dbscan',0,0,0,0.0000,NULL,NULL,NULL,NULL,NULL),(270,46,'birch',3,0,0,0.0446,0.1446,54.8043,1134.9757,0.0861,3.1522),(271,46,'meanshift',25,25,0,0.8643,0.1668,11.2352,8280.4974,0.0387,1.1729),(272,47,'kmeans_++',5,0,0,0.1453,0.2666,77.8015,1402.3788,0.0613,1.9293),(273,47,'kmeans_random',3,0,0,0.1517,0.1347,88.7045,1472.8428,0.0071,2.1430),(274,47,'kmeans_pca',7,0,0,0.1460,0.1248,64.8173,1977.3497,0.0071,1.9143),(275,47,'dbscan',0,0,0,0.0000,NULL,NULL,NULL,NULL,NULL),(276,47,'birch',9,0,0,0.0674,0.2022,44.7663,9339.5271,0.0560,2.4196),(277,47,'meanshift',23,97,0,0.9771,0.2568,12.2875,8103.1084,0.1481,1.1186),(278,48,'kmeans_++',3,0,0,0.1606,0.3172,92.2900,267.9431,0.0714,2.0686),(279,48,'kmeans_random',3,0,0,0.1446,0.3244,92.6657,242.8951,0.0915,2.0035),(280,48,'kmeans_pca',4,0,0,0.1476,0.1315,79.6933,282.4410,0.0093,2.1469),(281,48,'dbscan',0,0,0,0.0000,NULL,NULL,NULL,NULL,NULL),(282,48,'birch',3,0,0,0.0415,0.4557,54.9996,944.5562,0.1641,2.2041),(283,48,'meanshift',25,129,0,0.9735,0.3765,17.6417,3168.1533,0.1830,0.7722),(284,49,'kmeans_++',6,0,0,0.1450,0.2732,130.5761,1637.4689,0.0088,1.6579),(285,49,'kmeans_random',8,0,0,0.1481,0.2753,113.9371,1638.0585,0.0086,1.6903),(286,49,'kmeans_pca',6,0,0,0.1493,0.2759,128.6161,1723.4630,0.0091,1.6926),(287,49,'dbscan',3,0,438,0.0156,0.7807,1701.7227,721.7755,0.7953,0.2415),(288,49,'birch',10,0,0,0.0662,0.2258,73.1822,3500.1068,0.0105,1.9143),(289,49,'meanshift',25,40,0,0.9685,0.2236,14.2169,6317.7709,0.1826,1.3224),(290,50,'kmeans_++',4,0,0,0.1471,0.0910,88.4009,926.4644,0.0980,2.3864),(291,50,'kmeans_random',3,0,0,0.1534,0.0882,95.4193,925.4761,0.0942,2.5953),(292,50,'kmeans_pca',4,0,0,0.1461,0.0889,88.5880,1086.4160,0.1057,2.3602),(293,50,'dbscan',0,0,0,0.0000,NULL,NULL,NULL,NULL,NULL),(294,50,'birch',3,0,0,0.0704,0.0437,59.6861,444.9789,0.1291,3.2473),(295,50,'meanshift',1,0,0,0.0000,NULL,NULL,NULL,NULL,NULL),(296,51,'kmeans_++',4,0,0,0.1500,0.0932,81.3664,699.4465,0.1254,2.4934),(297,51,'kmeans_random',3,0,0,0.1556,0.0964,88.5518,664.6917,0.1189,2.6808),(298,51,'kmeans_pca',3,0,0,0.1669,0.0931,88.6797,628.0317,0.1108,2.6934),(299,51,'dbscan',0,0,0,0.0000,NULL,NULL,NULL,NULL,NULL),(300,51,'birch',10,0,0,0.1077,0.0637,42.9075,2010.2660,0.1309,2.3976),(301,51,'meanshift',1,0,0,0.0000,NULL,NULL,NULL,NULL,NULL),(302,52,'kmeans_++',6,0,0,0.2658,0.0438,34.1588,6143.9419,0.2285,3.1752),(303,52,'kmeans_random',4,0,0,0.1636,0.0335,38.5566,7656.9243,0.0107,3.5806),(304,52,'kmeans_pca',5,0,0,0.1791,0.0461,36.0532,13821.9426,0.0307,3.3414),(305,52,'dbscan',0,0,0,0.0000,NULL,NULL,NULL,NULL,NULL),(306,52,'birch',3,0,0,0.0673,0.0226,20.6205,40101.6171,0.2333,5.5938),(307,52,'meanshift',1,0,0,0.0000,NULL,NULL,NULL,NULL,NULL),(308,53,'kmeans_++',5,0,0,0.2626,0.0370,25.3750,18932.4893,0.2995,3.9391),(309,53,'kmeans_random',6,0,0,0.1606,0.0271,23.2432,21601.0783,0.2943,3.8245),(310,53,'kmeans_pca',3,0,0,0.1736,0.0406,29.5512,13127.5574,0.2926,4.5862),(311,53,'dbscan',0,0,0,0.0000,NULL,NULL,NULL,NULL,NULL),(312,53,'birch',3,0,0,0.0743,0.0136,13.7766,60221.9388,0.3013,6.9040),(313,53,'meanshift',1,0,0,0.0000,NULL,NULL,NULL,NULL,NULL),(314,54,'kmeans_++',7,0,0,0.1686,0.1134,68.2734,1165.7116,0.0140,1.9761),(315,54,'kmeans_random',5,0,0,0.1632,0.1141,76.9285,941.6133,0.0158,2.1646),(316,54,'kmeans_pca',4,0,0,0.1662,0.1016,76.9393,749.2135,0.0101,2.3923),(317,54,'dbscan',0,0,0,0.0000,NULL,NULL,NULL,NULL,NULL),(318,54,'birch',4,0,0,0.0705,0.0648,50.4666,1542.9897,0.0115,3.0619),(319,54,'meanshift',25,0,0,0.9706,0.1734,14.9288,6627.2771,0.1339,1.6104),(320,55,'kmeans_++',3,0,0,0.1731,0.3600,239.3715,394.8811,0.0145,1.5690),(321,55,'kmeans_random',4,0,0,0.1665,0.2649,201.0250,448.4971,0.0142,1.5555),(322,55,'kmeans_pca',4,0,0,0.1616,0.2656,200.8873,451.0955,0.0142,1.5562),(323,55,'dbscan',2,0,383,0.0205,0.3885,455.7635,239.2202,0.0483,0.6504),(324,55,'birch',3,0,0,0.0512,0.4218,49.3914,2107.8060,0.1195,2.6664),(325,55,'meanshift',19,170,0,1.7837,-0.0501,19.1563,4161.4320,0.0279,1.0052),(326,56,'kmeans_++',3,0,0,0.1717,0.1201,122.2053,867.7762,0.1035,2.4819),(327,56,'kmeans_random',3,0,0,0.1717,0.1201,122.6120,772.9455,0.1035,2.4784),(328,56,'kmeans_pca',5,0,0,0.1632,0.1081,97.4567,1409.3012,0.1023,2.1712),(329,56,'dbscan',0,0,0,0.0000,NULL,NULL,NULL,NULL,NULL),(330,56,'birch',10,0,0,0.0927,0.0776,54.1226,2048.4515,0.1465,2.2299),(331,56,'meanshift',1,0,0,0.0000,NULL,NULL,NULL,NULL,NULL),(332,57,'kmeans_++',8,0,0,0.1581,0.2366,124.4346,1298.9007,0.0849,1.6633),(333,57,'kmeans_random',6,0,0,0.1527,0.2221,138.1503,1073.0322,0.0913,1.8666),(334,57,'kmeans_pca',5,0,0,0.1572,0.2072,143.7969,1296.9137,0.0768,1.9582),(335,57,'dbscan',2,0,567,0.0228,0.4580,276.1126,1260.4309,0.2229,0.6647),(336,57,'birch',6,0,0,0.0882,0.1276,78.9373,1410.3741,0.1437,2.3372),(337,57,'meanshift',1,0,0,0.0000,NULL,NULL,NULL,NULL,NULL),(338,58,'kmeans_++',3,0,0,0.1543,0.3622,375.3467,55.2876,0.1134,1.4976),(339,58,'kmeans_random',3,0,0,0.1569,0.3632,375.3101,55.5407,0.0906,1.5131),(340,58,'kmeans_pca',3,0,0,0.1564,0.3626,375.3078,55.6301,0.0906,1.5077),(341,58,'dbscan',2,0,426,0.0225,0.7119,1330.8218,10.2663,0.3058,0.3436),(342,58,'birch',4,0,0,0.0758,0.2847,200.1514,95.8198,0.1461,2.0710),(343,58,'meanshift',1,0,0,0.0000,NULL,NULL,NULL,NULL,NULL),(344,59,'kmeans_++',4,0,0,0.1525,0.1686,142.1371,673.7486,0.0820,1.9103),(345,59,'kmeans_random',3,0,0,0.1626,0.1613,154.0422,772.9955,0.0781,2.0795),(346,59,'kmeans_pca',4,0,0,0.1585,0.1668,142.0080,665.9909,0.0820,1.9349),(347,59,'dbscan',0,0,0,0.0000,NULL,NULL,NULL,NULL,NULL),(348,59,'birch',9,0,0,0.0789,0.1148,66.4284,1563.6436,0.1366,2.3126),(349,59,'meanshift',1,0,0,0.0000,NULL,NULL,NULL,NULL,NULL),(350,60,'kmeans_++',4,0,0,0.1530,0.3093,205.1055,1138.8109,0.0925,1.9741),(351,60,'kmeans_random',6,0,0,0.1525,0.3154,168.7024,1224.7808,0.0950,1.7352),(352,60,'kmeans_pca',6,0,0,0.1643,0.3284,161.4314,1391.5570,0.1133,1.8661),(353,60,'dbscan',0,0,0,0.0000,NULL,NULL,NULL,NULL,NULL),(354,60,'birch',10,0,0,0.0855,0.3022,96.3575,2588.9607,0.1552,1.9909),(355,60,'meanshift',2,0,0,1.3543,0.2778,5.8517,7924.6345,0.2175,1.2514),(356,61,'kmeans_++',3,0,0,0.1819,0.1374,127.3805,611.0754,0.1094,2.2431),(357,61,'kmeans_random',5,0,0,0.1589,0.1603,115.1021,559.5720,0.1040,1.9640),(358,61,'kmeans_pca',3,0,0,0.1581,0.1202,110.7551,433.1117,0.1102,2.4902),(359,61,'dbscan',0,0,0,0.0000,NULL,NULL,NULL,NULL,NULL),(360,61,'birch',8,0,0,0.0869,0.1156,66.0983,1482.7781,0.1523,2.2504),(361,61,'meanshift',1,0,0,0.0000,NULL,NULL,NULL,NULL,NULL),(362,62,'kmeans_++',4,0,0,0.1529,0.2826,205.2091,459.9197,0.0974,1.6164),(363,62,'kmeans_random',4,0,0,0.1527,0.2824,205.2136,479.6509,0.0974,1.6110),(364,62,'kmeans_pca',3,0,0,0.1566,0.2206,189.4268,380.5204,0.0952,1.6445),(365,62,'dbscan',3,0,336,0.0230,0.4093,294.8547,239.3003,0.1479,0.9010),(366,62,'birch',10,0,0,0.0711,0.2351,80.0273,1543.8464,0.1489,1.9557),(367,62,'meanshift',1,0,0,0.0000,NULL,NULL,NULL,NULL,NULL),(368,63,'kmeans_++',6,0,0,0.1475,0.0907,73.0503,1070.7954,0.0621,2.1413),(369,63,'kmeans_random',4,0,0,0.1476,0.0890,83.1975,496.0508,0.0675,2.3552),(370,63,'kmeans_pca',4,0,0,0.1467,0.0798,78.7840,807.8660,0.0598,2.4689),(371,63,'dbscan',0,0,0,0.0000,NULL,NULL,NULL,NULL,NULL),(372,63,'birch',3,0,0,0.0705,0.0444,52.5519,1923.8600,0.0815,3.3552),(373,63,'meanshift',14,4,0,0.9754,0.1913,9.1219,5788.5901,0.2041,1.1333),(374,64,'kmeans_++',3,0,0,0.1545,0.0810,86.7885,938.6575,0.0547,2.6494),(375,64,'kmeans_random',4,0,0,0.1473,0.0848,80.8628,901.3598,0.0609,2.4492),(376,64,'kmeans_pca',3,0,0,0.1488,0.0812,84.0175,603.3492,0.0600,2.6647),(377,64,'dbscan',0,0,0,0.0000,NULL,NULL,NULL,NULL,NULL),(378,64,'birch',3,0,0,0.0710,0.0373,54.6657,1423.6284,0.0819,3.3201),(379,64,'meanshift',10,0,0,2.3459,0.1563,8.1042,8942.9410,0.1846,1.1551),(380,65,'kmeans_++',6,0,0,0.1467,0.0799,67.9951,1339.5503,0.0296,2.1741),(381,65,'kmeans_random',4,0,0,0.1502,0.0783,76.8366,1373.4477,0.0688,2.4451),(382,65,'kmeans_pca',8,0,0,0.1500,0.0773,60.3013,1824.0090,0.0732,2.0167),(383,65,'dbscan',0,0,0,0.0000,NULL,NULL,NULL,NULL,NULL),(384,65,'birch',3,0,0,0.0674,0.0409,51.3404,1373.5603,0.0696,3.2360),(385,65,'meanshift',11,0,0,2.5809,0.2056,9.9066,6751.9171,0.1198,1.3310),(386,66,'kmeans_++',3,0,0,0.1547,0.1334,112.3096,745.1607,0.0711,2.1946),(387,66,'kmeans_random',3,0,0,0.1532,0.1336,112.3027,737.1010,0.0711,2.1917),(388,66,'kmeans_pca',3,0,0,0.1605,0.1353,109.5935,668.6985,0.0548,2.3706),(389,66,'dbscan',0,0,0,0.0000,NULL,NULL,NULL,NULL,NULL),(390,66,'birch',9,0,0,0.0922,0.1070,52.8329,2343.4707,0.0948,2.2290),(391,66,'meanshift',17,8,0,0.9669,0.2158,11.5259,5446.5039,0.1538,1.1223),(392,67,'kmeans_++',3,0,0,0.1556,0.1199,93.7543,643.4071,0.0627,2.3939),(393,67,'kmeans_random',3,0,0,0.1524,0.1223,94.0111,658.3785,0.0619,2.3869),(394,67,'kmeans_pca',5,0,0,0.1510,0.1258,78.9670,677.9718,0.0663,2.1976),(395,67,'dbscan',0,0,0,0.0000,NULL,NULL,NULL,NULL,NULL),(396,67,'birch',10,0,0,0.0903,0.0803,42.5312,2348.5511,0.0907,2.2927),(397,67,'meanshift',33,27,0,0.9667,0.2328,12.3484,6989.0098,0.1941,1.1055),(398,68,'kmeans_++',3,0,0,0.1549,0.1247,93.3269,685.4428,0.0534,2.2995),(399,68,'kmeans_random',3,0,0,0.1563,0.1264,91.5380,805.0619,0.0622,2.4583),(400,68,'kmeans_pca',3,0,0,0.1520,0.1217,93.2973,633.1929,0.0550,2.3390),(401,68,'dbscan',0,0,0,0.0000,NULL,NULL,NULL,NULL,NULL),(402,68,'birch',3,0,0,0.0540,0.3611,48.4423,1876.7377,0.1599,2.4581),(403,68,'meanshift',41,23,0,0.8704,0.2553,15.1514,5070.6649,0.1772,1.3561),(404,69,'kmeans_++',4,0,0,0.1463,0.2498,154.3540,436.3703,0.0390,1.7822),(405,69,'kmeans_random',3,0,0,0.1448,0.2468,169.9753,437.6871,0.0328,1.8026),(406,69,'kmeans_pca',3,0,0,0.1451,0.2468,169.9731,437.0032,0.0328,1.8035),(407,69,'dbscan',3,0,498,0.0109,0.9812,87880.9947,547.9778,3.9290,0.0651),(408,69,'birch',3,0,0,0.0644,0.7169,147.0868,523.4339,0.2815,1.7435),(409,69,'meanshift',2,51,0,0.9659,0.3680,22.4733,2965.5437,0.1814,1.3158),(410,70,'kmeans_++',5,0,0,0.1459,0.4067,252.1714,1925.3531,0.0978,1.6966),(411,70,'kmeans_random',5,0,0,0.1456,0.4030,252.4982,1898.0165,0.0858,1.6400),(412,70,'kmeans_pca',7,0,0,0.1488,0.4236,207.5564,1857.2232,0.0630,1.7394),(413,71,'dbscan',3,0,498,0.0135,0.9542,35019.0644,339.5106,1.3196,0.1446),(414,NULL,NULL,NULL,NULL,NULL,NULL,NULL,999999999999999.9000,NULL,NULL,NULL),(415,73,'dbscan',2,0,494,0.0202,0.7729,1742.1823,653.5840,0.2504,0.3271),(416,74,'dbscan',3,0,498,0.0119,0.9721,66076.0242,297.0329,2.2936,0.0915),(417,75,'dbscan',3,0,498,0.0114,0.9743,53465.7187,573.9474,2.3264,0.0895),(418,76,'dbscan',3,0,498,0.0105,0.9834,248521.8630,2636.8647,4.3575,0.0547),(419,77,'dbscan',3,0,498,0.0124,0.9793,86241.9640,100.4758,3.5408,0.0720),(420,78,'dbscan',3,0,498,0.0111,0.9801,112210.0885,316.8914,3.9682,0.0689),(421,79,'dbscan',3,0,498,0.0103,0.9856,201762.5883,2991.4692,5.0635,0.0510),(422,80,'dbscan',3,0,498,0.0106,0.9787,110574.7708,144.0404,3.8848,0.0719),(423,81,'dbscan',3,0,498,0.0102,0.9819,200099.0698,367.0488,3.9179,0.0597),(424,82,'dbscan',2,0,483,0.0210,0.7186,1228.0078,233.6891,0.0749,0.4456),(425,83,'dbscan',3,0,498,0.0094,0.9828,123226.0390,124.7564,4.4771,0.0555),(426,84,'dbscan',3,0,498,0.0103,0.9874,299642.6844,570.0392,5.6951,0.0459),(427,86,'dbscan',3,0,498,0.0104,0.9849,224100.0805,1009.6651,4.9714,0.0533),(428,87,'dbscan',3,0,497,0.0106,0.9744,61728.5075,330.2257,2.8665,0.0826),(429,88,'dbscan',3,0,498,0.0095,0.9832,175956.7282,3898.5684,3.6436,0.0570),(430,89,'dbscan',3,0,498,0.0117,0.9741,72172.8974,46782.6656,2.3017,0.0884),(431,90,'dbscan',3,0,498,0.0105,0.9823,134748.6737,204.6751,3.7462,0.0626),(432,91,'dbscan',3,0,498,0.0134,0.9686,29585.5866,224.2540,1.8143,0.1092),(433,92,'dbscan',3,0,498,0.0098,0.9838,155300.9408,74.8223,4.5940,0.0559),(434,93,'dbscan',3,0,498,0.0126,0.9651,46957.9067,579.5062,1.7459,0.1196),(435,94,'dbscan',3,0,498,0.0101,0.9828,197621.7389,1581.0017,4.0485,0.0596),(436,95,'dbscan',3,0,498,0.0096,0.9813,189370.2344,456.5130,4.3908,0.0634),(437,96,'dbscan',3,0,498,0.0104,0.9814,107504.1965,11337.2031,3.9059,0.0647),(438,97,'dbscan',3,0,498,0.0112,0.9772,63994.5400,68.5626,3.1816,0.0805),(439,98,'dbscan',3,0,498,0.0098,0.9867,250872.3615,353.6880,5.2425,0.0477),(440,99,'dbscan',2,0,574,0.0189,0.9514,10135.9208,305.9233,0.8850,0.0718),(441,100,'dbscan',3,0,498,0.0097,0.9858,152542.4264,1676.6299,5.3505,0.0480),(442,101,'dbscan',3,0,498,0.0101,0.9857,263554.5435,29.4551,5.0965,0.0512),(443,102,'dbscan',3,0,498,0.0105,0.9670,101212.5344,320.6794,2.4389,0.0974),(444,103,'dbscan',3,0,498,0.0122,0.9633,56261.0812,27.0963,1.4842,0.1212),(445,104,'dbscan',3,0,498,0.0108,0.9828,148488.3240,132.2507,3.9564,0.0595),(446,105,'dbscan',3,0,498,0.0101,0.9826,172393.5504,268.1041,4.2278,0.0585),(447,106,'dbscan',2,0,505,0.0219,0.8052,1819.4631,228.0299,0.5240,0.2745),(448,107,'dbscan',3,0,498,0.0101,0.9757,115791.5864,10979.1580,2.6174,0.0813),(449,108,'dbscan',3,0,498,0.0103,0.9677,63447.6246,1063.5738,2.3481,0.1000),(450,109,'dbscan',3,0,498,0.0139,0.9726,102819.0981,205.2627,2.7033,0.0914),(451,110,'dbscan',3,0,498,0.0106,0.9829,139763.5119,1595.6808,4.5448,0.0598),(452,111,'dbscan',3,0,498,0.0103,0.9782,121139.0007,234.0851,2.7334,0.0707),(453,115,'dbscan',3,0,498,0.0099,0.9838,999999999999999.9000,57.4650,4.6976,0.0574);
/*!40000 ALTER TABLE `clustering_metric` ENABLE KEYS */;
UNLOCK TABLES;

--
-- Table structure for table `dataset`
--

DROP TABLE IF EXISTS `dataset`;
/*!40101 SET @saved_cs_client     = @@character_set_client */;
/*!40101 SET character_set_client = utf8 */;
CREATE TABLE `dataset` (
  `id` bigint(20) NOT NULL AUTO_INCREMENT,
  `run_id` bigint(20) DEFAULT NULL,
  `total_samples` bigint(20) DEFAULT NULL,
  `features` int(11) DEFAULT NULL,
  `linear_samples_perc` decimal(4,1) DEFAULT NULL,
  `repeated_samples_perc` decimal(4,1) DEFAULT NULL,
  `group_number` smallint(6) DEFAULT NULL,
  `outliers_perc` decimal(4,1) DEFAULT NULL,
  `uniform_features` int(11) DEFAULT NULL,
  `standard_features` int(11) DEFAULT NULL,
  `winner_clus_alg` varchar(15) DEFAULT NULL,
  `winner_ri_alg` varchar(15) DEFAULT NULL,
  PRIMARY KEY (`id`)
) ENGINE=InnoDB AUTO_INCREMENT=116 DEFAULT CHARSET=latin1;
/*!40101 SET character_set_client = @saved_cs_client */;

--
-- Dumping data for table `dataset`
--

LOCK TABLES `dataset` WRITE;
/*!40000 ALTER TABLE `dataset` DISABLE KEYS */;
INSERT INTO `dataset` VALUES (23,2,1000,8,0.0,0.0,0,0.0,4,4,NULL,NULL),(24,3,1000,8,0.0,0.0,0,0.0,4,4,'kmeans_random','cn2'),(25,3,1000,8,10.0,0.0,0,0.0,4,4,'kmeans_++','cart'),(26,3,1000,16,10.0,0.0,0,0.0,8,8,'kmeans_++','cart'),(27,3,1000,24,10.0,0.0,0,0.0,12,12,'kmeans_pca','cart'),(28,3,1000,8,40.0,0.0,0,0.0,4,4,'meanshift','cart'),(29,3,1000,8,80.0,0.0,0,0.0,4,4,'dbscan','cart'),(30,3,1000,8,0.0,10.0,2,0.0,4,4,'kmeans_++','cart'),(31,3,1000,8,0.0,20.0,2,0.0,4,4,'kmeans_pca','cn2'),(32,3,1000,8,0.0,40.0,2,0.0,4,4,'birch','cn2'),(33,3,1000,8,0.0,20.0,3,0.0,4,4,'kmeans_++','cn2'),(34,3,1000,8,0.0,40.0,3,0.0,4,4,'dbscan','cart'),(35,3,1000,8,0.0,20.0,4,0.0,4,4,'kmeans_random','cn2'),(36,3,1000,8,0.0,40.0,4,0.0,4,4,'dbscan','cart'),(37,3,1000,8,0.0,0.0,0,6.0,4,4,'meanshift','cart'),(38,3,1000,8,0.0,0.0,0,12.0,4,4,'meanshift','cart'),(39,3,1000,8,0.0,0.0,0,18.0,4,4,'kmeans_random','cn2'),(40,3,1000,8,10.0,10.0,2,6.0,4,4,'meanshift','cart'),(41,3,1000,8,10.0,10.0,2,12.0,4,4,'meanshift','cart'),(42,3,1000,8,10.0,10.0,2,18.0,4,4,'meanshift','cart'),(43,3,1000,8,10.0,40.0,2,6.0,4,4,'dbscan','cart'),(44,3,1000,8,10.0,40.0,2,12.0,4,4,'dbscan','cart'),(45,3,1000,8,10.0,40.0,2,18.0,4,4,'dbscan','cart'),(46,3,1000,8,40.0,10.0,2,6.0,4,4,'kmeans_++','cn2'),(47,3,1000,8,40.0,10.0,2,12.0,4,4,'kmeans_++','cart'),(48,3,1000,8,40.0,10.0,2,18.0,4,4,'kmeans_random','cart'),(49,3,1000,8,40.0,20.0,2,6.0,4,4,'dbscan','cart'),(50,4,1000,8,0.0,0.0,0,0.0,4,4,'birch','cart'),(51,4,1000,8,10.0,0.0,0,0.0,4,4,'birch','cn2'),(52,4,1000,16,10.0,0.0,0,0.0,8,8,'kmeans_++','cart'),(53,4,1000,24,10.0,0.0,0,0.0,12,12,'kmeans_pca','cn2'),(54,4,1000,8,40.0,0.0,0,0.0,4,4,'meanshift','cart'),(55,4,1000,8,80.0,0.0,0,0.0,4,4,'dbscan','cart'),(56,4,1000,8,0.0,10.0,2,0.0,4,4,'kmeans_random','cart'),(57,4,1000,8,0.0,20.0,2,0.0,4,4,'dbscan','cart'),(58,4,1000,8,0.0,40.0,2,0.0,4,4,'dbscan','cart'),(59,4,1000,8,0.0,20.0,3,0.0,4,4,'kmeans_++','cn2'),(60,4,1000,8,0.0,40.0,3,0.0,4,4,'kmeans_++','cart'),(61,4,1000,8,0.0,20.0,4,0.0,4,4,'kmeans_random','cn2'),(62,4,1000,8,0.0,40.0,4,0.0,4,4,'dbscan','cart'),(63,4,1000,8,0.0,0.0,0,6.0,4,4,'meanshift','cart'),(64,4,1000,8,0.0,0.0,0,12.0,4,4,'meanshift','cart'),(65,4,1000,8,0.0,0.0,0,18.0,4,4,'meanshift','cart'),(66,4,1000,8,10.0,10.0,2,6.0,4,4,'meanshift','cart'),(67,4,1000,8,10.0,10.0,2,12.0,4,4,'meanshift','cn2'),(68,4,1000,8,10.0,10.0,2,18.0,4,4,'meanshift','cart'),(69,4,1000,8,10.0,40.0,2,6.0,4,4,'dbscan','cart'),(70,4,1000,8,10.0,40.0,2,12.0,4,4,NULL,NULL),(71,5,1000,8,10.0,40.0,2,12.0,4,4,'dbscan',NULL),(72,6,1000,8,10.0,40.0,2,12.0,4,4,NULL,NULL),(73,7,1000,8,10.0,40.0,2,12.0,4,4,'dbscan',NULL),(74,8,1000,8,10.0,40.0,2,12.0,4,4,'dbscan',NULL),(75,9,1000,8,10.0,40.0,2,12.0,4,4,'dbscan',NULL),(76,10,1000,8,10.0,40.0,2,12.0,4,4,'dbscan',NULL),(77,11,1000,8,10.0,40.0,2,12.0,4,4,'dbscan',NULL),(78,12,1000,8,10.0,40.0,2,12.0,4,4,'dbscan',NULL),(79,13,1000,8,10.0,40.0,2,12.0,4,4,'dbscan',NULL),(80,14,1000,8,10.0,40.0,2,12.0,4,4,'dbscan',NULL),(81,15,1000,8,10.0,40.0,2,12.0,4,4,'dbscan',NULL),(82,16,1000,8,10.0,40.0,2,12.0,4,4,'dbscan',NULL),(83,17,1000,8,10.0,40.0,2,12.0,4,4,'dbscan',NULL),(84,18,1000,8,10.0,40.0,2,12.0,4,4,'dbscan',NULL),(85,19,1000,8,10.0,40.0,2,12.0,4,4,NULL,NULL),(86,20,1000,8,10.0,40.0,2,12.0,4,4,'dbscan',NULL),(87,21,1000,8,10.0,40.0,2,12.0,4,4,'dbscan',NULL),(88,22,1000,8,10.0,40.0,2,12.0,4,4,'dbscan',NULL),(89,23,1000,8,10.0,40.0,2,12.0,4,4,'dbscan',NULL),(90,24,1000,8,10.0,40.0,2,12.0,4,4,'dbscan',NULL),(91,25,1000,8,10.0,40.0,2,12.0,4,4,'dbscan',NULL),(92,26,1000,8,10.0,40.0,2,12.0,4,4,'dbscan',NULL),(93,27,1000,8,10.0,40.0,2,12.0,4,4,'dbscan',NULL),(94,28,1000,8,10.0,40.0,2,12.0,4,4,'dbscan',NULL),(95,29,1000,8,10.0,40.0,2,12.0,4,4,'dbscan',NULL),(96,30,1000,8,10.0,40.0,2,12.0,4,4,'dbscan',NULL),(97,31,1000,8,10.0,40.0,2,12.0,4,4,'dbscan',NULL),(98,32,1000,8,10.0,40.0,2,12.0,4,4,'dbscan',NULL),(99,33,1000,8,10.0,40.0,2,12.0,4,4,'dbscan',NULL),(100,34,1000,8,10.0,40.0,2,12.0,4,4,'dbscan',NULL),(101,35,1000,8,10.0,40.0,2,12.0,4,4,'dbscan',NULL),(102,36,1000,8,10.0,40.0,2,12.0,4,4,'dbscan',NULL),(103,37,1000,8,10.0,40.0,2,12.0,4,4,'dbscan',NULL),(104,38,1000,8,10.0,40.0,2,12.0,4,4,'dbscan',NULL),(105,39,1000,8,10.0,40.0,2,12.0,4,4,'dbscan',NULL),(106,40,1000,8,10.0,40.0,2,12.0,4,4,'dbscan',NULL),(107,41,1000,8,10.0,40.0,2,12.0,4,4,'dbscan',NULL),(108,42,1000,8,10.0,40.0,2,12.0,4,4,'dbscan',NULL),(109,43,1000,8,10.0,40.0,2,12.0,4,4,'dbscan',NULL),(110,44,1000,8,10.0,40.0,2,12.0,4,4,'dbscan',NULL),(111,45,1000,8,10.0,40.0,2,12.0,4,4,'dbscan',NULL),(112,46,1000,8,10.0,40.0,2,12.0,4,4,NULL,NULL),(113,47,1000,8,10.0,40.0,2,12.0,4,4,NULL,NULL),(114,48,1000,8,10.0,40.0,2,12.0,4,4,NULL,NULL),(115,49,1000,8,10.0,40.0,2,12.0,4,4,'dbscan',NULL);
/*!40000 ALTER TABLE `dataset` ENABLE KEYS */;
UNLOCK TABLES;

--
-- Table structure for table `dataset_validation`
--

DROP TABLE IF EXISTS `dataset_validation`;
/*!40101 SET @saved_cs_client     = @@character_set_client */;
/*!40101 SET character_set_client = utf8 */;
CREATE TABLE `dataset_validation` (
  `id` bigint(20) NOT NULL AUTO_INCREMENT,
  `run_id` bigint(20) DEFAULT NULL,
  `total_samples` bigint(20) DEFAULT NULL,
  `features` int(11) DEFAULT NULL,
  `linear_samples_perc` decimal(4,1) DEFAULT NULL,
  `repeated_samples_perc` decimal(4,1) DEFAULT NULL,
  `group_number` smallint(6) DEFAULT NULL,
  `outliers_perc` decimal(4,1) DEFAULT NULL,
  `outliersbyperp_perc` decimal(4,1) DEFAULT NULL,
  `dataset_id` bigint(20) DEFAULT NULL,
  PRIMARY KEY (`id`)
) ENGINE=InnoDB AUTO_INCREMENT=116 DEFAULT CHARSET=latin1;
/*!40101 SET character_set_client = @saved_cs_client */;

--
-- Dumping data for table `dataset_validation`
--

LOCK TABLES `dataset_validation` WRITE;
/*!40000 ALTER TABLE `dataset_validation` DISABLE KEYS */;
INSERT INTO `dataset_validation` VALUES (23,2,1000,8,0.0,0.0,0,0.0,0.0,23),(24,3,1000,8,0.0,0.0,0,0.0,0.0,24),(25,3,1000,8,10.0,0.0,0,0.0,0.0,25),(26,3,1000,16,10.0,0.0,0,0.0,0.0,26),(27,3,1000,24,10.0,0.0,0,0.0,0.0,27),(28,3,1000,8,40.0,0.0,0,0.1,0.0,28),(29,3,1000,8,65.5,0.0,0,0.4,12.2,29),(30,3,1000,8,0.0,10.0,2,0.0,0.0,30),(31,3,1000,8,0.0,20.0,2,0.1,0.0,31),(32,3,1000,8,0.0,40.0,2,0.3,0.0,32),(33,3,1000,8,0.0,20.0,3,0.0,0.0,33),(34,3,1000,8,0.0,40.0,3,0.1,0.0,34),(35,3,1000,8,0.0,20.0,4,0.0,0.0,35),(36,3,1000,8,0.0,40.0,4,0.2,0.0,36),(37,3,1000,8,0.0,0.0,0,6.0,0.0,37),(38,3,1000,8,0.0,0.0,0,12.0,0.0,38),(39,3,1000,8,0.0,0.0,0,18.0,0.0,39),(40,3,1000,8,4.5,10.0,2,6.0,0.0,40),(41,3,1000,8,8.6,10.0,2,12.0,0.0,41),(42,3,1000,8,5.9,10.0,2,18.0,0.0,42),(43,3,1000,8,4.2,40.0,2,6.0,0.0,43),(44,3,1000,8,4.0,40.0,2,11.9,0.0,44),(45,3,1000,8,0.0,40.0,2,18.0,0.0,45),(46,3,1000,8,29.2,10.0,2,6.0,0.0,46),(47,3,1000,8,28.3,10.0,2,12.1,0.0,47),(48,3,1000,8,24.3,10.0,2,18.0,0.0,48),(49,3,1000,8,21.7,20.0,2,6.0,0.0,49),(50,4,1000,8,0.0,0.0,0,0.0,0.0,50),(51,4,1000,8,10.0,0.0,0,0.0,0.0,51),(52,4,1000,16,10.0,0.0,0,0.0,0.0,52),(53,4,1000,24,10.0,0.0,0,0.0,0.0,53),(54,4,1000,8,40.0,0.0,0,0.0,0.0,54),(55,4,1000,8,67.2,0.0,0,0.5,13.1,55),(56,4,1000,8,0.0,10.0,2,0.0,0.0,56),(57,4,1000,8,0.0,20.0,2,0.0,0.0,57),(58,4,1000,8,0.0,40.0,2,0.1,0.0,58),(59,4,1000,8,0.0,20.0,3,0.0,0.0,59),(60,4,1000,8,0.0,40.0,3,0.0,0.0,60),(61,4,1000,8,0.0,20.0,4,0.0,0.0,61),(62,4,1000,8,0.0,40.0,4,0.0,0.0,62),(63,4,1000,8,0.0,0.0,0,6.0,0.0,63),(64,4,1000,8,0.0,0.0,0,12.0,0.0,64),(65,4,1000,8,0.0,0.0,0,18.0,0.0,65),(66,4,1000,8,10.0,10.0,2,6.0,0.0,66),(67,4,1000,8,3.2,10.0,2,12.0,0.0,67),(68,4,1000,8,3.6,10.0,2,18.0,0.0,68),(69,4,1000,8,0.0,40.0,2,5.7,0.0,69),(70,4,1000,8,0.0,40.0,2,11.4,0.0,70),(71,5,1000,8,0.0,40.0,2,11.9,0.0,71),(72,6,1000,8,1.9,40.0,2,12.0,0.0,72),(73,7,1000,8,4.2,40.0,2,12.0,0.0,73),(74,8,1000,8,1.6,40.0,2,11.9,0.0,74),(75,9,1000,8,0.0,40.0,2,11.7,0.0,75),(76,10,1000,8,0.0,40.0,2,12.0,0.0,76),(77,11,1000,8,0.2,40.0,2,12.0,0.0,77),(78,12,1000,8,3.8,40.0,2,12.0,0.0,78),(79,13,1000,8,0.0,40.0,2,11.9,0.0,79),(80,14,1000,8,4.3,40.0,2,11.9,0.0,80),(81,15,1000,8,4.3,40.0,2,12.0,0.0,81),(82,16,1000,8,2.3,40.0,2,12.0,0.0,82),(83,17,1000,8,2.6,40.0,2,11.8,0.0,83),(84,18,1000,8,0.0,40.0,2,12.0,0.0,84),(85,19,1000,8,0.0,40.0,2,12.0,0.0,85),(86,20,1000,8,5.7,40.0,2,12.0,0.0,86),(87,21,1000,8,3.8,40.0,2,11.8,0.0,87),(88,22,1000,8,0.0,40.0,2,11.9,0.0,88),(89,23,1000,8,0.0,40.0,2,12.0,0.0,89),(90,24,1000,8,3.8,40.0,2,11.9,0.0,90),(91,25,1000,8,4.7,40.0,2,11.9,0.0,91),(92,26,1000,8,3.1,40.0,2,11.9,0.0,92),(93,27,1000,8,0.0,40.0,2,12.0,0.0,93),(94,28,1000,8,4.6,40.0,2,11.7,0.0,94),(95,29,1000,8,0.0,40.0,2,12.0,0.0,95),(96,30,1000,8,3.5,40.0,2,12.0,0.0,96),(97,31,1000,8,0.0,40.0,2,11.8,0.0,97),(98,32,1000,8,0.0,40.0,2,12.0,0.0,98),(99,33,1000,8,1.0,40.0,2,11.9,0.0,99),(100,34,1000,8,0.0,40.0,2,11.9,0.0,100),(101,35,1000,8,0.0,40.0,2,12.0,0.0,101),(102,36,1000,8,5.6,40.0,2,11.9,0.0,102),(103,37,1000,8,4.3,40.0,2,11.9,0.0,103),(104,38,1000,8,0.0,40.0,2,12.0,0.0,104),(105,39,1000,8,0.0,40.0,2,11.9,0.0,105),(106,40,1000,8,0.0,40.0,2,12.0,0.0,106),(107,41,1000,8,0.2,40.0,2,11.9,0.0,107),(108,42,1000,8,0.0,40.0,2,12.0,0.0,108),(109,43,1000,8,2.3,40.0,2,12.1,0.0,109),(110,44,1000,8,0.0,40.0,2,12.0,0.0,110),(111,45,1000,8,0.0,40.0,2,11.8,0.0,111),(112,46,1000,8,5.1,40.0,2,11.7,0.0,112),(113,47,1000,8,4.9,40.0,2,11.9,0.0,113),(114,48,1000,8,0.0,40.0,2,12.0,0.0,114),(115,49,1000,8,4.9,40.0,2,11.9,0.0,115);
/*!40000 ALTER TABLE `dataset_validation` ENABLE KEYS */;
UNLOCK TABLES;

--
-- Table structure for table `old_clustering_metric`
--

DROP TABLE IF EXISTS `old_clustering_metric`;
/*!40101 SET @saved_cs_client     = @@character_set_client */;
/*!40101 SET character_set_client = utf8 */;
CREATE TABLE `old_clustering_metric` (
  `id` bigint(20) NOT NULL AUTO_INCREMENT,
  `dataset_id` bigint(20) DEFAULT NULL,
  `algorithm` varchar(15) DEFAULT NULL,
  `total_clusters` int(11) DEFAULT NULL,
  `single_element_clusters` int(11) DEFAULT NULL,
  `samples_not_considered` bigint(20) DEFAULT NULL,
  `elap_time` decimal(11,4) DEFAULT NULL,
  `silhouette_score` decimal(11,4) DEFAULT NULL,
  `calinski_harabaz_score` decimal(11,4) DEFAULT NULL,
  `wb_index` decimal(11,4) DEFAULT NULL,
  `dunn_index` decimal(11,4) DEFAULT NULL,
  `davies_bouldin_score` decimal(11,4) DEFAULT NULL,
  PRIMARY KEY (`id`)
) ENGINE=InnoDB AUTO_INCREMENT=505 DEFAULT CHARSET=latin1;
/*!40101 SET character_set_client = @saved_cs_client */;

--
-- Dumping data for table `old_clustering_metric`
--

LOCK TABLES `old_clustering_metric` WRITE;
/*!40000 ALTER TABLE `old_clustering_metric` DISABLE KEYS */;
INSERT INTO `old_clustering_metric` VALUES (1,1,'kmeans_++',8,0,0,0.1385,0.0977,71.4346,1306.4945,0.1247,1.9548),(2,1,'kmeans_random',5,0,0,0.1412,0.0920,82.4100,1171.6923,0.1238,2.2179),(3,1,'kmeans_pca',7,0,0,0.1396,0.0888,72.4465,1524.7291,0.1089,2.0419),(4,1,'dbscan',0,0,0,0.0000,NULL,NULL,NULL,NULL,NULL),(5,1,'birch',3,0,0,0.0704,0.0502,59.4696,2021.3730,0.1208,3.3366),(6,1,'meanshift',1,0,0,0.0000,NULL,NULL,NULL,NULL,NULL),(7,2,'kmeans_++',8,0,0,0.1474,0.0928,67.0534,2306.9624,0.1319,2.0470),(8,2,'kmeans_random',8,0,0,0.1455,0.1054,66.6289,1639.0515,0.0924,2.0258),(9,2,'kmeans_pca',8,0,0,0.1479,0.0967,66.0000,3160.5498,0.1025,2.0239),(10,2,'dbscan',0,0,0,0.0000,NULL,NULL,NULL,NULL,NULL),(11,2,'birch',3,0,0,0.0641,0.0563,58.4896,2308.0259,0.1295,3.4171),(12,2,'meanshift',1,0,0,0.0000,NULL,NULL,NULL,NULL,NULL),(13,3,'kmeans_++',6,0,0,0.2458,0.0480,34.6827,8706.2633,0.1995,3.1597),(14,3,'kmeans_random',5,0,0,0.1455,0.0473,37.3549,8196.0558,0.2206,3.2755),(15,3,'kmeans_pca',5,0,0,0.1516,0.0498,37.1458,7593.6146,0.2112,3.2857),(16,3,'dbscan',0,0,0,0.0000,NULL,NULL,NULL,NULL,NULL),(17,3,'birch',4,0,0,0.0978,0.0261,21.7651,23408.4769,0.2300,4.8415),(18,3,'meanshift',1,0,0,0.0000,NULL,NULL,NULL,NULL,NULL),(19,4,'kmeans_++',9,0,0,0.2474,0.0164,19.5944,24373.9140,0.2925,3.4789),(20,4,'kmeans_random',10,0,0,0.1477,0.0070,18.7227,33778.0340,0.2742,3.3825),(21,4,'kmeans_pca',5,0,0,0.1449,0.0214,24.0265,30117.1683,0.2765,4.1519),(22,4,'dbscan',0,0,0,0.0000,NULL,NULL,NULL,NULL,NULL),(23,4,'birch',4,0,0,0.0986,0.0147,13.5649,57875.1515,0.2743,6.0708),(24,4,'meanshift',1,0,0,0.0000,NULL,NULL,NULL,NULL,NULL),(25,5,'kmeans_++',6,0,0,0.1461,0.0965,75.2096,1309.1892,0.0117,2.0061),(26,5,'kmeans_random',3,0,0,0.1579,0.1129,91.2071,1290.1920,0.0143,2.3618),(27,5,'kmeans_pca',3,0,0,0.1518,0.0984,89.6865,1487.1596,0.0133,2.4507),(28,5,'dbscan',0,0,0,0.0000,NULL,NULL,NULL,NULL,NULL),(29,5,'birch',3,0,0,0.0706,0.0936,65.0173,1555.4877,0.0152,2.8510),(30,5,'meanshift',7,0,0,1.8838,0.1693,13.0198,7515.1617,0.1495,1.5607),(31,6,'kmeans_++',6,0,0,0.1453,0.1670,145.9608,577.5908,0.0186,1.7214),(32,6,'kmeans_random',4,0,0,0.1459,0.1753,181.2815,570.9704,0.0254,1.7705),(33,6,'kmeans_pca',3,0,0,0.1557,0.2015,214.8309,705.2666,0.0152,2.0123),(34,6,'dbscan',2,0,600,0.0202,0.4298,448.7265,149.3950,0.0880,0.8321),(35,6,'birch',7,0,0,0.0574,0.2623,103.5189,835.6286,0.0281,1.7774),(36,6,'meanshift',34,24,0,1.2626,0.1913,13.7997,6548.9910,0.0635,1.2961),(37,7,'kmeans_++',4,0,0,0.1457,0.1208,107.8653,916.9653,0.0971,2.2230),(38,7,'kmeans_random',8,0,0,0.1457,0.1427,86.4264,1108.0801,0.1237,1.8632),(39,7,'kmeans_pca',3,0,0,0.1516,0.1121,111.5931,677.1147,0.0927,2.3873),(40,7,'dbscan',0,0,0,0.0000,NULL,NULL,NULL,NULL,NULL),(41,7,'birch',3,0,0,0.0647,0.0577,66.5611,1357.7073,0.1273,3.1888),(42,7,'meanshift',1,0,0,0.0000,NULL,NULL,NULL,NULL,NULL),(43,8,'kmeans_++',3,0,0,0.1631,0.2841,184.7751,1422.0531,0.0964,1.9337),(44,8,'kmeans_random',7,0,0,0.1484,0.3558,132.5644,1603.6245,0.1197,1.7162),(45,8,'kmeans_pca',3,0,0,0.1599,0.2835,183.5000,2232.9662,0.0964,1.9365),(46,8,'dbscan',0,0,0,0.0000,NULL,NULL,NULL,NULL,NULL),(47,8,'birch',8,0,0,0.0692,0.3064,88.3346,1971.4543,0.1527,2.0964),(48,8,'meanshift',1,0,0,0.0000,NULL,NULL,NULL,NULL,NULL),(49,9,'kmeans_++',3,0,0,0.1484,0.7324,729.1510,177.8352,0.1499,1.2460),(50,9,'kmeans_random',3,0,0,0.1570,0.7299,728.8807,184.1185,0.1622,1.2146),(51,9,'kmeans_pca',3,0,0,0.1575,0.7359,727.3537,169.4811,0.1547,1.2899),(52,10,'kmeans_++',7,0,0,0.1383,0.0959,75.5586,1269.9835,0.0834,2.0432),(53,10,'kmeans_random',5,0,0,0.1480,0.0921,83.2742,892.3888,0.0965,2.1870),(54,10,'kmeans_pca',4,0,0,0.1418,0.0860,86.6629,829.9162,0.0937,2.4143),(55,10,'dbscan',2,0,707,0.0248,0.1415,48.9745,816.1930,0.1411,2.0572),(56,10,'birch',8,0,0,0.1044,0.0447,50.6014,2408.1936,0.1461,2.5113),(57,10,'meanshift',1,0,0,0.0000,NULL,NULL,NULL,NULL,NULL),(58,11,'kmeans_++',6,0,0,0.1448,0.0964,74.0396,1258.6803,0.1100,2.1685),(59,11,'kmeans_random',9,0,0,0.1461,0.1078,65.8887,1446.7011,0.1321,1.9399),(60,11,'kmeans_pca',4,0,0,0.1518,0.0972,80.6160,2858.2944,0.0801,2.4633),(61,11,'dbscan',0,0,0,0.0000,NULL,NULL,NULL,NULL,NULL),(62,11,'birch',3,0,0,0.0657,0.0684,53.3123,1498.4274,0.1270,3.4014),(63,11,'meanshift',1,0,0,0.0000,NULL,NULL,NULL,NULL,NULL),(64,12,'kmeans_++',4,0,0,0.1361,0.0855,87.6623,977.3222,0.1039,2.4007),(65,12,'kmeans_random',4,0,0,0.1372,0.0905,89.2593,826.6732,0.1165,2.3783),(66,12,'kmeans_pca',5,0,0,0.1481,0.0918,82.8334,1094.7646,0.0803,2.2351),(67,12,'dbscan',0,0,0,0.0000,NULL,NULL,NULL,NULL,NULL),(68,12,'birch',3,0,0,0.0744,0.0516,60.9340,1839.3887,0.1118,3.3960),(69,12,'meanshift',1,0,0,0.0000,NULL,NULL,NULL,NULL,NULL),(70,13,'kmeans_++',3,0,0,0.1454,0.0832,88.5886,892.0253,0.0053,2.6349),(71,13,'kmeans_random',5,0,0,0.1454,0.1020,78.0353,758.1965,0.0920,2.2479),(72,13,'kmeans_pca',4,0,0,0.1477,0.0942,81.7380,554.2505,0.0755,2.4500),(73,13,'dbscan',0,0,0,0.0000,NULL,NULL,NULL,NULL,NULL),(74,13,'birch',3,0,0,0.0619,0.0691,57.2365,1114.3007,0.1258,3.2079),(75,13,'meanshift',1,0,0,0.0000,NULL,NULL,NULL,NULL,NULL),(76,14,'kmeans_++',4,0,0,0.2443,0.0472,40.0488,3155.9142,0.2293,3.5435),(77,14,'kmeans_random',3,0,0,0.1434,0.0556,45.1368,3534.4602,0.2027,3.7901),(78,14,'kmeans_pca',5,0,0,0.1420,0.0527,36.7906,3921.5888,0.2163,3.2700),(79,14,'dbscan',0,0,0,0.0000,NULL,NULL,NULL,NULL,NULL),(80,14,'birch',3,0,0,0.0667,0.0260,24.1335,12659.7549,0.2267,4.9478),(81,14,'meanshift',1,0,0,0.0000,NULL,NULL,NULL,NULL,NULL),(82,15,'kmeans_++',3,0,0,0.1449,0.0314,31.2875,54493.7856,0.0378,4.5704),(83,15,'kmeans_random',7,0,0,0.1446,0.0178,22.3861,42600.8589,0.0557,3.5857),(84,15,'kmeans_pca',3,0,0,0.1538,0.0275,30.4850,42695.3838,0.0392,4.5766),(85,15,'dbscan',0,0,0,0.0000,NULL,NULL,NULL,NULL,NULL),(86,15,'birch',3,0,0,0.0691,0.0088,15.3976,49249.2054,0.0494,6.6354),(87,15,'meanshift',1,0,0,0.0000,NULL,NULL,NULL,NULL,NULL),(88,16,'kmeans_++',7,0,0,0.1499,0.1302,70.2496,922.8805,0.0174,1.9596),(89,16,'kmeans_random',7,0,0,0.1434,0.1294,71.6258,1071.4589,0.0114,1.8763),(90,16,'kmeans_pca',8,0,0,0.1461,0.1342,65.8465,1375.6440,0.0149,1.8754),(91,16,'dbscan',0,0,0,0.0000,NULL,NULL,NULL,NULL,NULL),(92,16,'birch',10,0,0,0.0668,0.2154,44.7911,1962.4780,0.1457,2.1616),(93,16,'meanshift',22,1,0,0.8596,0.2059,20.2742,2930.3719,0.1691,1.6060),(94,17,'kmeans_++',5,0,0,0.1427,0.2299,164.1323,585.0231,0.0156,1.7096),(95,17,'kmeans_random',4,0,0,0.1426,0.2239,184.5427,579.2983,0.0156,1.6804),(96,17,'kmeans_pca',3,0,0,0.1591,0.2163,222.4681,608.1378,0.0142,1.8496),(97,17,'dbscan',2,0,472,0.0202,0.5314,1020.9060,250.8511,0.0554,0.6442),(98,17,'birch',4,0,0,0.0513,0.4283,49.4720,893.5196,0.1884,2.0125),(99,17,'meanshift',31,123,0,1.4732,-0.0217,12.5178,6725.8595,0.0329,0.9986),(100,18,'kmeans_++',5,0,0,0.1429,0.1192,96.3247,921.5772,0.0752,2.1399),(101,18,'kmeans_random',6,0,0,0.1476,0.1263,89.3965,955.1013,0.0642,2.0506),(102,18,'kmeans_pca',4,0,0,0.1449,0.1155,103.0845,1061.4819,0.0682,2.2662),(103,18,'dbscan',0,0,0,0.0000,NULL,NULL,NULL,NULL,NULL),(104,18,'birch',8,0,0,0.0922,0.0722,53.4197,1608.7808,0.1318,2.4276),(105,18,'meanshift',1,0,0,0.0000,NULL,NULL,NULL,NULL,NULL),(106,19,'kmeans_++',4,0,0,0.1426,0.3992,358.2731,983.4989,0.0982,1.7057),(107,19,'kmeans_random',4,0,0,0.1432,0.3993,358.2832,990.2209,0.0982,1.7049),(108,19,'kmeans_pca',5,0,0,0.1463,0.4045,305.3613,1060.1353,0.1346,1.7370),(109,19,'dbscan',2,0,513,0.0225,0.8262,2200.6381,462.3503,0.6021,0.2375),(110,19,'birch',5,0,0,0.0654,0.2824,172.0909,1270.2282,0.1535,2.2733),(111,19,'meanshift',1,0,0,0.0000,NULL,NULL,NULL,NULL,NULL),(112,20,'kmeans_++',3,0,0,0.1511,0.7709,939.1898,498.6413,0.1302,0.9876),(113,20,'kmeans_random',3,0,0,0.1534,0.7709,939.1898,498.6413,0.1302,0.9876),(114,20,'kmeans_pca',3,0,0,0.1514,0.7709,939.1898,498.6413,0.1302,0.9876),(115,21,'kmeans_++',4,0,0,0.1391,0.0892,87.8696,1042.2959,0.0953,2.4093),(116,21,'kmeans_random',4,0,0,0.1399,0.0890,88.3743,774.6081,0.0952,2.4190),(117,21,'kmeans_pca',6,0,0,0.1435,0.0864,75.7001,1315.5425,0.1054,2.1128),(118,21,'dbscan',0,0,0,0.0000,NULL,NULL,NULL,NULL,NULL),(119,21,'birch',10,0,0,0.0979,0.0441,45.0444,3274.3987,0.1215,2.4075),(120,22,'kmeans_++',3,0,0,0.1426,0.0928,97.3354,473.4753,0.0823,2.5962),(121,22,'kmeans_random',3,0,0,0.1423,0.0924,97.1762,504.9590,0.0916,2.6268),(122,22,'kmeans_pca',4,0,0,0.1378,0.0837,84.3758,497.0708,0.0983,2.4784),(123,22,'dbscan',0,0,0,0.0000,NULL,NULL,NULL,NULL,NULL),(124,22,'birch',3,0,0,0.0747,0.0488,58.6672,782.2007,0.1115,3.2750),(125,22,'meanshift',1,0,0,0.0000,NULL,NULL,NULL,NULL,NULL),(126,23,'kmeans_++',5,0,0,0.1419,0.0968,76.8722,678.2418,0.1180,2.3177),(127,23,'kmeans_random',5,0,0,0.1413,0.0978,78.5792,655.4588,0.1061,2.2729),(128,23,'kmeans_pca',3,0,0,0.1572,0.0953,86.7707,330.1396,0.1077,2.6746),(129,23,'dbscan',0,0,0,0.0000,NULL,NULL,NULL,NULL,NULL),(130,23,'birch',3,0,0,0.0598,0.0589,52.1571,1089.5230,0.1312,3.3753),(131,23,'meanshift',1,0,0,0.0000,NULL,NULL,NULL,NULL,NULL),(132,24,'kmeans_++',3,0,0,0.2404,0.0486,45.4666,5288.3850,0.0093,3.7273),(133,24,'kmeans_random',4,0,0,0.1417,0.0475,40.9574,4766.4679,0.0181,3.5483),(134,24,'kmeans_pca',4,0,0,0.1483,0.0351,39.4844,5649.7839,0.0098,3.4596),(135,24,'dbscan',0,0,0,0.0000,NULL,NULL,NULL,NULL,NULL),(136,24,'birch',3,0,0,0.0650,0.0404,26.0268,13551.2186,0.2249,4.8258),(137,24,'meanshift',1,1,0,0.0000,NULL,NULL,NULL,NULL,NULL),(138,25,'kmeans_++',3,0,0,0.1457,0.0294,31.5228,10339.1951,0.0161,4.4155),(139,25,'kmeans_random',4,0,0,0.1430,0.0252,27.6861,14272.8510,0.0169,4.1619),(140,25,'kmeans_pca',4,0,0,0.1429,0.0220,27.4529,12970.5739,0.0175,4.2099),(141,25,'dbscan',0,0,0,0.0000,NULL,NULL,NULL,NULL,NULL),(142,25,'birch',3,0,0,0.0659,0.0324,14.7882,926793.7935,0.3048,5.9335),(143,25,'meanshift',1,0,0,0.0000,NULL,NULL,NULL,NULL,NULL),(144,26,'kmeans_++',6,0,0,0.1479,0.0912,77.1673,624.0771,0.0294,2.0295),(145,26,'kmeans_random',4,0,0,0.1419,0.1005,86.9355,820.5130,0.0208,2.2024),(146,26,'kmeans_pca',7,0,0,0.1435,0.0923,73.6823,814.9762,0.0235,1.9697),(147,26,'dbscan',0,0,0,0.0000,NULL,NULL,NULL,NULL,NULL),(148,26,'birch',9,0,0,0.0790,0.1573,47.1873,1538.9168,0.1278,2.1320),(149,26,'meanshift',6,0,0,1.8348,0.1771,13.4096,13627.6042,0.1571,1.4464),(150,27,'kmeans_++',9,0,0,0.1499,0.2195,137.6848,2347.2722,0.0213,1.5215),(151,27,'kmeans_random',7,0,0,0.1702,0.2850,155.0751,1815.9332,0.0181,1.6022),(152,27,'kmeans_pca',5,0,0,0.1480,0.3763,165.2029,1699.1721,0.0217,1.7148),(153,27,'dbscan',2,0,362,0.0206,0.4908,868.6689,5479.7541,0.0606,0.6013),(154,27,'birch',3,0,0,0.0489,0.3287,186.9097,2697.0404,0.0162,1.8621),(155,27,'meanshift',24,156,0,1.1691,-0.0168,23.3602,9267.3412,0.0352,1.1078),(156,28,'kmeans_++',6,0,0,0.1447,0.1166,85.6979,1037.9686,0.1095,2.0105),(157,28,'kmeans_random',5,0,0,0.1439,0.1132,89.3041,1162.1387,0.0761,2.1234),(158,28,'kmeans_pca',6,0,0,0.1437,0.1142,84.5121,900.4899,0.1120,2.0000),(159,28,'dbscan',0,0,0,0.0000,NULL,NULL,NULL,NULL,NULL),(160,28,'birch',10,0,0,0.0978,0.0699,49.5674,3045.4133,0.1232,2.2665),(161,28,'meanshift',1,0,0,0.0000,NULL,NULL,NULL,NULL,NULL),(162,29,'kmeans_++',3,0,0,0.1493,0.1663,203.1728,689.3228,0.0204,1.6969),(163,29,'kmeans_random',5,0,0,0.1418,0.1838,202.6008,711.0143,0.0327,1.3250),(164,29,'kmeans_pca',4,0,0,0.1481,0.1704,195.3849,541.7373,0.0226,1.5240),(165,29,'dbscan',0,0,0,0.0000,NULL,NULL,NULL,NULL,NULL),(166,29,'birch',9,0,0,0.0531,0.1080,121.1153,1049.0368,0.0427,1.6233),(167,29,'meanshift',1,0,0,0.0000,NULL,NULL,NULL,NULL,NULL),(168,30,'kmeans_++',5,0,0,0.1450,0.1334,106.1032,588.2189,0.0141,1.7615),(169,30,'kmeans_random',3,0,0,0.1566,0.1309,96.6602,445.6552,0.0121,2.1581),(170,30,'kmeans_pca',6,0,0,0.1482,0.1353,103.9428,769.7347,0.0132,1.6679),(171,30,'dbscan',0,0,0,0.0000,NULL,NULL,NULL,NULL,NULL),(172,30,'birch',3,0,0,0.0493,0.5140,82.8728,792.9608,0.1172,1.8464),(173,30,'meanshift',21,35,0,0.9679,0.2853,19.9221,4235.8577,0.1553,0.7980),(174,31,'kmeans_++',3,0,0,0.1525,0.1611,196.5609,350.9123,0.0334,1.7281),(175,31,'kmeans_random',3,0,0,0.1525,0.1612,196.7329,359.2239,0.0179,1.7311),(176,31,'kmeans_pca',4,0,0,0.1475,0.1649,193.4248,484.3896,0.0239,1.5169),(177,31,'dbscan',0,0,0,0.0000,NULL,NULL,NULL,NULL,NULL),(178,31,'birch',3,0,0,0.0412,0.0946,118.4721,1212.0800,0.0348,2.0361),(179,31,'meanshift',1,0,0,0.0000,NULL,NULL,NULL,NULL,NULL),(180,32,'kmeans_++',4,0,0,0.1393,0.1730,202.0871,484.0371,0.0278,1.5232),(181,32,'kmeans_random',4,0,0,0.1411,0.1735,202.5319,487.4000,0.0329,1.5193),(182,32,'kmeans_pca',4,0,0,0.1442,0.1654,192.9006,515.9963,0.0381,1.5354),(183,32,'dbscan',0,0,0,0.0000,NULL,NULL,NULL,NULL,NULL),(184,32,'birch',3,0,0,0.0407,0.1010,140.0679,843.4302,0.0374,2.0867),(185,32,'meanshift',1,0,0,0.0000,NULL,NULL,NULL,NULL,NULL),(186,33,'kmeans_++',7,0,0,0.1421,0.0923,73.8539,987.0887,0.1070,2.0345),(187,33,'kmeans_random',3,0,0,0.1518,0.0853,92.7208,1098.6125,0.1054,2.6290),(188,33,'kmeans_pca',6,0,0,0.1466,0.0902,76.8808,1435.9922,0.0915,2.0671),(189,33,'dbscan',0,0,0,0.0000,NULL,NULL,NULL,NULL,NULL),(190,33,'birch',10,0,0,0.1036,0.0490,47.9080,1720.1630,0.1393,2.2881),(191,33,'meanshift',1,0,0,0.0000,NULL,NULL,NULL,NULL,NULL),(192,34,'kmeans_++',4,0,0,0.1436,0.0952,80.1472,1255.3377,0.1280,2.4733),(193,34,'kmeans_random',5,0,0,0.1443,0.1018,75.7910,1101.6814,0.0841,2.2883),(194,34,'kmeans_pca',3,0,0,0.1457,0.0881,81.3031,1327.3753,0.0967,2.7753),(195,34,'dbscan',0,0,0,0.0000,NULL,NULL,NULL,NULL,NULL),(196,34,'birch',3,0,0,0.0597,0.0690,57.8011,3381.7301,0.1286,3.1096),(197,34,'meanshift',1,0,0,0.0000,NULL,NULL,NULL,NULL,NULL),(198,35,'kmeans_++',6,0,0,0.1383,0.0949,78.7959,1101.0996,0.1128,2.0997),(199,35,'kmeans_random',3,0,0,0.1587,0.0880,96.4441,1247.0521,0.0996,2.5764),(200,35,'kmeans_pca',3,0,0,0.1583,0.0823,91.0282,1103.3482,0.0905,2.7053),(201,35,'dbscan',0,0,0,0.0000,NULL,NULL,NULL,NULL,NULL),(202,35,'birch',3,0,0,0.0761,0.0476,58.8168,2224.8666,0.1118,3.2308),(203,35,'meanshift',1,0,0,0.0000,NULL,NULL,NULL,NULL,NULL),(204,36,'kmeans_++',5,0,0,0.1438,0.0938,74.9593,1347.8042,0.1146,2.3202),(205,36,'kmeans_random',3,0,0,0.1485,0.0942,84.5394,800.7051,0.1152,2.7280),(206,36,'kmeans_pca',4,0,0,0.1528,0.0885,76.5055,1090.2450,0.1047,2.5450),(207,36,'dbscan',0,0,0,0.0000,NULL,NULL,NULL,NULL,NULL),(208,36,'birch',3,0,0,0.0643,0.0636,52.7338,832.4102,0.1171,3.4622),(209,36,'meanshift',1,0,0,0.0000,NULL,NULL,NULL,NULL,NULL),(210,37,'kmeans_++',3,0,0,0.1634,0.0574,43.9724,7855.8812,0.2098,3.7835),(211,37,'kmeans_random',5,0,0,0.1449,0.0459,36.9761,7333.6968,0.2277,3.3626),(212,37,'kmeans_pca',7,0,0,0.1516,0.0406,32.1238,14615.2749,0.1956,3.0514),(213,37,'dbscan',0,0,0,0.0000,NULL,NULL,NULL,NULL,NULL),(214,37,'birch',3,0,0,0.0689,0.0445,23.0341,25774.8713,0.2282,5.1708),(215,37,'meanshift',1,0,0,0.0000,NULL,NULL,NULL,NULL,NULL),(216,38,'kmeans_++',9,0,0,0.2496,0.0207,19.5550,34658.0574,0.0607,3.4755),(217,38,'kmeans_random',10,0,0,0.1596,0.0074,18.8903,31195.6591,0.0600,3.3895),(218,38,'kmeans_pca',7,0,0,0.1522,0.0126,21.6196,40617.0873,0.2918,3.7501),(219,38,'dbscan',0,0,0,0.0000,NULL,NULL,NULL,NULL,NULL),(220,38,'birch',3,0,0,0.0760,0.0293,14.9093,73131.1565,0.2813,6.2151),(221,38,'meanshift',1,0,0,0.0000,NULL,NULL,NULL,NULL,NULL),(222,39,'kmeans_++',8,0,0,0.1478,0.1267,78.2951,1015.9906,0.0185,1.8192),(223,39,'kmeans_random',5,0,0,0.1464,0.1046,83.8426,1191.6273,0.0178,2.1302),(224,39,'kmeans_pca',6,0,0,0.1504,0.1009,79.9955,1460.9176,0.0192,2.0150),(225,39,'dbscan',0,0,0,0.0000,NULL,NULL,NULL,NULL,NULL),(226,39,'birch',10,0,0,0.0782,0.1593,42.9205,1860.5462,0.1071,2.1086),(227,39,'meanshift',3,0,0,1.4515,0.2381,20.8319,2765.2013,0.1172,1.5180),(228,40,'kmeans_++',6,0,0,0.1464,0.2592,160.6521,2695.9911,0.0180,1.6035),(229,40,'kmeans_random',10,0,0,0.1444,0.2070,125.0773,3545.9684,0.0164,1.5609),(230,40,'kmeans_pca',7,0,0,0.1439,0.2651,147.5361,2831.2846,0.0190,1.6460),(231,40,'dbscan',2,0,367,0.0200,0.4648,854.6950,2407.8892,0.0608,0.6749),(232,40,'birch',10,0,0,0.0552,0.3399,83.7582,3356.2714,0.0225,1.7499),(233,40,'meanshift',27,144,0,1.1914,-0.0849,16.2042,8868.3509,0.0362,1.1863),(234,41,'kmeans_++',3,0,0,0.1605,0.1360,133.8424,910.8710,0.0644,2.3041),(235,41,'kmeans_random',3,0,0,0.1648,0.1359,133.8410,905.6985,0.0644,2.3047),(236,41,'kmeans_pca',3,0,0,0.1530,0.1357,133.7068,723.8533,0.0644,2.3129),(237,41,'dbscan',0,0,0,0.0000,NULL,NULL,NULL,NULL,NULL),(238,41,'birch',3,0,0,0.0632,0.0744,76.4999,37017.4144,0.1130,2.9803),(239,41,'meanshift',1,0,0,0.0000,NULL,NULL,NULL,NULL,NULL),(240,42,'kmeans_++',6,0,0,0.1455,0.4319,263.2891,1095.9870,0.1195,1.6207),(241,42,'kmeans_random',6,0,0,0.1495,0.4317,263.2958,1089.4622,0.1195,1.6178),(242,42,'kmeans_pca',6,0,0,0.1457,0.4316,262.8083,1098.5468,0.1195,1.6170),(243,42,'dbscan',2,0,510,0.0209,0.7844,1470.9288,369.9247,0.2953,0.3228),(244,42,'birch',8,0,0,0.0697,0.3361,140.7510,1757.8906,0.1470,1.8024),(245,42,'meanshift',1,0,0,0.0000,NULL,NULL,NULL,NULL,NULL),(246,43,'kmeans_++',5,0,0,0.1438,0.8004,835.7700,2563.2892,0.1589,1.5236),(247,43,'kmeans_random',5,0,0,0.1484,0.8008,834.5731,2601.8835,0.1589,1.5129),(248,43,'kmeans_pca',4,0,0,0.1443,0.7946,963.2723,2096.6860,0.1725,1.4213),(249,64,'dbscan',2,0,418,0.0233,0.6411,909.8810,11671.0625,0.2005,0.5449),(250,67,'dbscan',2,0,408,0.0235,0.5756,576.8344,256.1349,0.1618,0.7514),(251,68,'dbscan',2,0,502,0.0224,0.8713,2372.4503,1913.2012,0.2335,0.2097),(252,72,'dbscan',2,0,510,0.0202,0.9795,17140.3532,45.6008,0.7155,0.0311),(253,76,'kmeans_++',5,0,0,0.1398,0.0929,81.4037,722.0384,0.0747,2.2005),(254,76,'kmeans_random',5,0,0,0.1388,0.0925,82.0455,640.1313,0.0704,2.2232),(255,76,'kmeans_pca',3,0,0,0.1544,0.0843,91.0999,560.2668,0.0677,2.6621),(256,76,'dbscan',0,0,0,0.0000,NULL,NULL,NULL,NULL,NULL),(257,76,'birch',3,0,0,0.0722,0.0477,59.1323,737.9959,0.1123,3.3445),(258,76,'meanshift',1,0,0,0.0000,NULL,NULL,NULL,NULL,NULL),(259,77,'kmeans_++',5,0,0,0.1440,0.1003,76.6142,1254.7127,0.0792,2.2900),(260,77,'kmeans_random',4,0,0,0.1438,0.0982,81.4027,1059.2640,0.0891,2.4955),(261,77,'kmeans_pca',5,0,0,0.1522,0.0886,73.6272,1689.9091,0.0836,2.3606),(262,77,'dbscan',0,0,0,0.0000,NULL,NULL,NULL,NULL,NULL),(263,77,'birch',8,0,0,0.0870,0.0574,46.6987,2417.8346,0.1235,2.4217),(264,77,'meanshift',2,0,0,1.3014,0.2899,4.9990,6612.5653,0.2502,1.0122),(265,78,'kmeans_++',5,0,0,0.1476,0.0463,35.9788,9444.5214,0.1822,3.3478),(266,78,'kmeans_random',6,0,0,0.1471,0.0436,33.7346,6310.1971,0.1907,3.1976),(267,78,'kmeans_pca',6,0,0,0.1445,0.0439,32.9702,8950.3058,0.1814,3.2225),(268,78,'dbscan',0,0,0,0.0000,NULL,NULL,NULL,NULL,NULL),(269,78,'birch',3,0,0,0.0917,0.0210,20.1641,7061.0364,0.2290,5.6106),(270,78,'meanshift',1,0,0,0.0000,NULL,NULL,NULL,NULL,NULL),(271,79,'kmeans_++',6,0,0,0.2449,0.0252,23.8688,15857.2721,0.3022,3.7823),(272,79,'kmeans_random',7,0,0,0.1480,0.0219,21.6824,15242.6565,0.2921,3.7303),(273,79,'kmeans_pca',5,0,0,0.1519,0.0296,25.2594,12534.1456,0.2850,3.9740),(274,79,'dbscan',0,0,0,0.0000,NULL,NULL,NULL,NULL,NULL),(275,79,'birch',3,0,0,0.0658,-0.0075,14.2742,10535.2894,0.2874,6.6820),(276,79,'meanshift',1,0,0,0.0000,NULL,NULL,NULL,NULL,NULL),(277,80,'kmeans_++',6,0,0,0.1462,0.1134,72.1240,830.6469,0.0149,2.0377),(278,80,'kmeans_random',6,0,0,0.1461,0.1218,74.0346,894.0730,0.0185,2.0028),(279,80,'kmeans_pca',3,0,0,0.1595,0.1175,89.1757,1324.6735,0.0147,2.3173),(280,80,'dbscan',0,0,0,0.0000,NULL,NULL,NULL,NULL,NULL),(281,80,'birch',6,0,0,0.0681,0.0743,50.9834,1324.1888,0.0124,2.5916),(282,80,'meanshift',23,0,0,0.9675,0.1932,17.7900,5237.8594,0.1437,1.6370),(283,81,'kmeans_++',6,0,0,0.1435,0.1430,128.8520,1171.9756,0.0252,1.8946),(284,81,'kmeans_random',7,0,0,0.1457,0.1447,124.8065,1214.6311,0.0236,1.7516),(285,81,'kmeans_pca',4,0,0,0.1484,0.1763,156.4151,994.0185,0.0317,2.0303),(286,81,'dbscan',0,0,0,0.0000,NULL,NULL,NULL,NULL,NULL),(287,81,'birch',7,0,0,0.0643,0.2338,88.7216,1623.8451,0.0443,1.9765),(288,81,'meanshift',37,28,0,1.4769,0.1767,12.9468,6331.3355,0.1418,1.2324),(289,82,'kmeans_++',3,0,0,0.1602,0.1130,113.3907,1339.5705,0.0907,2.5359),(290,82,'kmeans_random',3,0,0,0.1596,0.1116,112.3843,1193.0155,0.1023,2.5342),(291,82,'kmeans_pca',4,0,0,0.1461,0.1209,107.0045,1475.6306,0.1017,2.2397),(292,82,'dbscan',2,0,281,0.0250,0.2209,99.6039,57386.3359,0.2361,0.7335),(293,82,'birch',10,0,0,0.0876,0.0678,48.5559,2273.5021,0.1487,2.3454),(294,82,'meanshift',1,0,0,0.0000,NULL,NULL,NULL,NULL,NULL),(295,83,'kmeans_++',3,0,0,0.1553,0.1495,130.6947,296.4818,0.0961,2.1890),(296,83,'kmeans_random',3,0,0,0.1504,0.1499,130.6960,291.8345,0.0963,2.1857),(297,83,'kmeans_pca',3,0,0,0.1560,0.1494,130.6619,292.6023,0.0961,2.1818),(298,83,'dbscan',0,0,0,0.0000,NULL,NULL,NULL,NULL,NULL),(299,83,'birch',9,0,0,0.0838,0.1239,56.5440,1193.1951,0.1432,2.3266),(300,83,'meanshift',1,0,0,0.0000,NULL,NULL,NULL,NULL,NULL),(301,84,'kmeans_++',3,0,0,0.1539,0.3912,356.2306,195.8061,0.1191,1.1000),(302,84,'kmeans_random',3,0,0,0.1568,0.3912,356.2306,195.8061,0.1191,1.1000),(303,84,'kmeans_pca',3,0,0,0.1592,0.3912,356.2306,195.8061,0.1191,1.1000),(304,84,'dbscan',2,0,506,0.0209,0.7495,1232.8027,41.4530,0.1886,0.4243),(305,84,'birch',4,0,0,0.0686,0.2847,167.1015,517.8848,0.1491,1.9853),(306,84,'meanshift',1,0,0,0.0000,NULL,NULL,NULL,NULL,NULL),(307,85,'kmeans_++',7,0,0,0.1377,0.1337,89.3907,1407.2003,0.1206,1.9478),(308,85,'kmeans_random',7,0,0,0.1429,0.1321,88.0016,1474.4001,0.1079,1.9612),(309,85,'kmeans_pca',6,0,0,0.1393,0.1287,92.5007,1199.2793,0.1082,2.0198),(310,85,'dbscan',0,0,0,0.0000,NULL,NULL,NULL,NULL,NULL),(311,85,'birch',8,0,0,0.0958,0.0683,54.0151,2569.1155,0.1267,2.3748),(312,85,'meanshift',1,0,0,0.0000,NULL,NULL,NULL,NULL,NULL),(313,86,'kmeans_++',6,0,0,0.1598,0.2034,122.7364,1194.0696,0.0924,1.8937),(314,86,'kmeans_random',6,0,0,0.1431,0.2044,122.7091,1247.5816,0.0924,1.8984),(315,86,'kmeans_pca',6,0,0,0.1509,0.2038,122.5062,1188.6365,0.1021,1.8872),(316,86,'dbscan',0,0,0,0.0000,NULL,NULL,NULL,NULL,NULL),(317,86,'birch',10,0,0,0.1085,0.1620,69.3409,2617.8314,0.1143,2.1775),(318,86,'meanshift',1,0,0,0.0000,NULL,NULL,NULL,NULL,NULL),(319,87,'kmeans_++',3,0,0,0.1668,0.3703,349.3453,214.6086,0.1210,1.2665),(320,87,'kmeans_random',3,0,0,0.1652,0.3703,349.3453,214.6086,0.1210,1.2665),(321,87,'kmeans_pca',3,0,0,0.1617,0.3703,349.3453,214.6086,0.1210,1.2665),(322,87,'dbscan',2,0,502,0.0240,0.7786,1754.9561,51.2984,0.2435,0.3304),(323,87,'birch',10,0,0,0.1115,0.3655,134.6167,578.4517,0.1630,1.9866),(324,87,'meanshift',1,0,0,0.0000,NULL,NULL,NULL,NULL,NULL),(325,88,'kmeans_++',3,0,0,0.1760,0.1614,154.9928,358.8584,0.0770,2.0275),(326,88,'kmeans_random',3,0,0,0.1902,0.1616,155.0587,335.4529,0.0770,2.0390),(327,88,'kmeans_pca',3,0,0,0.1581,0.1613,154.9792,365.0004,0.0770,2.0287),(328,88,'dbscan',0,0,0,0.0000,NULL,NULL,NULL,NULL,NULL),(329,88,'birch',4,0,0,0.1007,0.0944,80.2119,868.7633,0.1369,2.6104),(330,88,'meanshift',1,0,0,0.0000,NULL,NULL,NULL,NULL,NULL),(331,89,'kmeans_++',7,0,0,0.1447,0.3261,146.8855,1180.7270,0.0904,1.7073),(332,89,'kmeans_random',8,0,0,0.1455,0.3357,136.9839,1504.7514,0.1183,1.7389),(333,89,'kmeans_pca',4,0,0,0.1473,0.2585,178.7565,1175.7035,0.1092,1.6512),(334,89,'dbscan',2,0,493,0.0230,0.5892,547.9599,382.8626,0.2262,0.7767),(335,89,'birch',3,0,0,0.0646,0.1969,115.9812,1447.4408,0.1522,2.5161),(336,89,'meanshift',1,0,0,0.0000,NULL,NULL,NULL,NULL,NULL),(337,90,'kmeans_++',6,0,0,0.1435,0.1817,122.4122,946.2443,0.1170,1.8170),(338,90,'kmeans_random',4,0,0,0.1439,0.1469,127.3660,817.2216,0.1283,2.1485),(339,90,'kmeans_pca',4,0,0,0.1646,0.1463,127.7624,715.3885,0.1282,2.1325),(340,90,'dbscan',0,0,0,0.0000,NULL,NULL,NULL,NULL,NULL),(341,90,'birch',3,0,0,0.0711,0.0922,88.6957,1615.0923,0.1213,2.7736),(342,90,'meanshift',1,0,0,0.0000,NULL,NULL,NULL,NULL,NULL),(343,91,'kmeans_++',3,0,0,0.1509,0.2343,224.8038,712.8590,0.0981,1.9057),(344,91,'kmeans_random',5,0,0,0.1437,0.2949,195.0738,629.6970,0.1222,1.8070),(345,91,'kmeans_pca',3,0,0,0.1522,0.2154,189.8046,523.2793,0.1083,1.8559),(346,91,'dbscan',3,0,460,0.0227,0.5286,378.6693,336.0433,0.1870,0.6289),(347,91,'birch',3,0,0,0.0722,0.1445,112.5951,476.9984,0.1343,2.4136),(348,91,'meanshift',1,0,0,0.0000,NULL,NULL,NULL,NULL,NULL),(349,92,'kmeans_++',5,0,0,0.1457,0.0901,81.2368,1465.7576,0.0702,2.2284),(350,92,'kmeans_random',3,0,0,0.1579,0.0872,92.6981,1172.3792,0.0905,2.6117),(351,92,'kmeans_pca',5,0,0,0.1447,0.0858,78.1119,1463.4174,0.0679,2.3019),(352,92,'dbscan',0,0,0,0.0000,NULL,NULL,NULL,NULL,NULL),(353,92,'birch',9,0,0,0.1123,0.0435,46.0745,2060.5121,0.1162,2.3938),(354,92,'meanshift',1,0,0,0.0000,NULL,NULL,NULL,NULL,NULL),(355,93,'kmeans_++',4,0,0,0.1450,0.0788,74.1142,839.8487,0.0467,2.3953),(356,93,'kmeans_random',4,0,0,0.1456,0.0784,73.7743,776.8235,0.0489,2.3829),(357,93,'kmeans_pca',3,0,0,0.1733,0.0759,77.8505,905.0601,0.0467,2.6346),(358,93,'dbscan',0,0,0,0.0000,NULL,NULL,NULL,NULL,NULL),(359,93,'birch',3,0,0,0.0836,0.0403,44.6945,3047.5956,0.0576,3.6440),(360,93,'meanshift',36,22,0,0.9852,0.2551,13.1554,5626.6525,0.2194,1.1020),(361,94,'kmeans_++',3,0,0,0.1528,0.0852,88.2116,795.3716,0.0619,2.5677),(362,94,'kmeans_random',4,0,0,0.1489,0.0828,80.7097,659.7664,0.0610,2.3661),(363,94,'kmeans_pca',3,0,0,0.1562,0.0807,85.3689,874.5504,0.0666,2.6061),(364,94,'dbscan',0,0,0,0.0000,NULL,NULL,NULL,NULL,NULL),(365,94,'birch',3,0,0,0.0757,0.0473,51.0507,2018.0615,0.0760,3.5308),(366,94,'meanshift',14,2,0,0.9634,0.1969,13.9301,4432.4331,0.1557,1.4382),(367,95,'kmeans_++',4,0,0,0.1450,0.1223,94.1709,566.9206,0.0684,2.3613),(368,95,'kmeans_random',4,0,0,0.1463,0.1231,94.1343,591.4591,0.0705,2.3774),(369,95,'kmeans_pca',3,0,0,0.1565,0.1272,105.2433,821.3301,0.0779,2.3483),(370,95,'dbscan',0,0,0,0.0000,NULL,NULL,NULL,NULL,NULL),(371,95,'birch',7,0,0,0.1000,0.0828,49.8937,1470.5278,0.1059,2.5111),(372,95,'meanshift',8,3,0,1.0656,0.2242,8.3964,6890.8565,0.1571,1.0917),(373,96,'kmeans_++',4,0,0,0.1447,0.1290,97.7948,701.3533,0.0676,2.2417),(374,96,'kmeans_random',5,0,0,0.1568,0.1333,89.7017,642.7962,0.0526,2.1539),(375,96,'kmeans_pca',6,0,0,0.1567,0.1353,84.9522,818.5689,0.0616,2.0611),(376,96,'dbscan',0,0,0,0.0000,NULL,NULL,NULL,NULL,NULL),(377,96,'birch',8,0,0,0.0914,0.0908,46.8204,2440.8959,0.0839,2.3208),(378,96,'meanshift',21,4,0,0.9660,0.1926,12.4235,3652.6630,0.1540,1.4033),(379,97,'kmeans_++',4,0,0,0.1447,0.1627,71.4990,1323.7677,0.0544,2.3362),(380,97,'kmeans_random',3,0,0,0.1585,0.1762,77.6392,974.8297,0.0344,2.5374),(381,97,'kmeans_pca',5,0,0,0.1513,0.1233,65.0510,1865.5245,0.0353,2.1914),(382,97,'dbscan',0,0,0,0.0000,NULL,NULL,NULL,NULL,NULL),(383,97,'birch',3,0,0,0.0792,0.4433,55.2661,4023.7806,0.1861,2.6644),(384,97,'meanshift',19,128,0,0.8885,0.4203,20.8327,4350.0107,0.2757,0.7425),(385,98,'kmeans_++',3,0,0,0.1615,0.3672,319.5063,180.3272,0.0784,1.2344),(386,98,'kmeans_random',3,0,0,0.1636,0.3672,319.5063,180.3272,0.0784,1.2344),(387,98,'kmeans_pca',3,0,0,0.1637,0.3667,319.3754,181.0865,0.0784,1.2436),(388,98,'dbscan',3,0,498,0.0138,0.9863,273541.5980,54.8779,5.1075,0.0494),(389,98,'birch',10,0,0,0.0893,0.2875,80.1876,883.4516,0.1199,1.9312),(390,98,'meanshift',15,18,0,0.9599,0.2133,11.5980,6721.8145,0.1223,1.2046),(391,99,'kmeans_++',5,0,0,0.1435,0.3434,154.8997,862.9800,0.0153,1.8434),(392,99,'kmeans_random',6,0,0,0.1467,0.3585,144.9387,878.2809,0.0180,1.7915),(393,99,'kmeans_pca',3,0,0,0.1628,0.2850,183.1012,612.6950,0.0115,1.7964),(394,99,'dbscan',2,0,504,0.0245,0.7453,1060.9347,7550.3795,0.4347,0.3676),(395,99,'birch',10,0,0,0.0743,0.2814,70.6098,1741.5615,0.0219,1.8495),(396,99,'meanshift',25,5,0,0.9672,0.2739,18.0169,4426.6405,0.0935,1.3621),(397,100,'kmeans_++',3,0,0,0.1578,0.2843,142.3922,369.3747,0.0552,2.0352),(398,100,'kmeans_random',3,0,0,0.1557,0.2840,142.4120,370.7286,0.0552,2.0340),(399,100,'kmeans_pca',3,0,0,0.1597,0.2579,138.3510,351.0174,0.0542,1.7838),(400,100,'dbscan',3,0,498,0.0112,0.9820,150243.7368,46.2872,3.9809,0.0599),(401,100,'birch',3,0,0,0.0751,0.4692,82.0675,2684.1253,0.1468,2.3854),(402,100,'meanshift',32,107,0,0.9851,0.4164,20.8386,4142.0401,0.2445,0.8732),(403,101,'kmeans_++',5,0,0,0.1458,0.1723,84.2464,1039.5130,0.0044,1.7780),(404,101,'kmeans_random',7,0,0,0.1488,0.1825,76.0880,1075.7098,0.0038,1.7092),(405,101,'kmeans_pca',4,0,0,0.1447,0.1444,83.2333,906.5593,0.0038,1.9873),(406,101,'dbscan',0,0,0,0.0000,NULL,NULL,NULL,NULL,NULL),(407,101,'birch',4,0,0,0.0798,0.2708,47.6079,808.9607,0.0701,2.3114),(408,101,'meanshift',7,56,0,0.8881,0.2724,18.5515,3274.5647,0.1650,1.3090),(409,102,'kmeans_++',7,0,0,0.1705,0.4119,87.9082,1242.9986,0.0594,1.5861),(410,102,'kmeans_random',3,0,0,0.1796,0.3278,92.4494,1336.4480,0.0657,1.8284),(411,102,'kmeans_pca',6,0,0,0.1486,0.2102,83.1404,1180.4184,0.0061,1.7933),(412,102,'dbscan',0,0,0,0.0000,NULL,NULL,NULL,NULL,NULL),(413,102,'birch',9,0,0,0.0821,0.5673,50.6237,1571.6274,0.2391,1.7601),(414,102,'meanshift',4,116,0,0.9771,0.4223,83.1853,1065.3325,0.1736,0.5925),(415,103,'kmeans_++',4,0,0,0.1436,0.2374,80.2643,766.5150,0.0097,1.9872),(416,103,'kmeans_random',4,0,0,0.1447,0.1359,81.1434,884.0691,0.0077,2.0735),(417,103,'kmeans_pca',3,0,0,0.1551,0.1371,90.5603,886.5383,0.0081,2.0858),(418,103,'dbscan',0,0,0,0.0000,NULL,NULL,NULL,NULL,NULL),(419,103,'birch',8,0,0,0.0748,0.1971,43.7325,4734.6242,0.0869,2.4136),(420,103,'meanshift',42,113,0,0.9750,0.3049,14.7149,6448.9698,0.1832,1.0659),(421,104,'kmeans_++',3,0,0,0.1632,0.5276,480.0519,384.9724,0.1091,0.6663),(422,104,'kmeans_random',3,0,0,0.1589,0.5276,480.0519,384.9724,0.1091,0.6663),(423,104,'kmeans_pca',3,0,0,0.1536,0.5276,480.0519,384.9724,0.1091,0.6663),(424,105,'kmeans_++',3,0,0,0.1494,0.4960,119.6068,917.2291,0.0497,1.6131),(425,105,'kmeans_random',3,0,0,0.1512,0.4865,116.2242,785.3725,0.0424,1.8012),(426,105,'kmeans_pca',3,0,0,0.1510,0.3108,91.4717,679.6924,0.0336,1.7105),(427,105,'dbscan',3,0,412,0.0137,0.7363,2900.2650,118.7516,0.8031,0.2564),(428,105,'birch',8,0,0,0.0615,0.7452,89.2914,1282.7773,0.3573,1.5331),(429,105,'meanshift',2,59,0,0.7616,0.4870,412.6324,215.1412,0.1610,0.5118),(430,106,'kmeans_++',4,0,0,0.1389,0.0971,90.2333,942.4608,0.0932,2.3525),(431,106,'kmeans_random',3,0,0,0.1466,0.0899,95.2487,571.5261,0.0955,2.5721),(432,106,'kmeans_pca',6,0,0,0.1402,0.0899,77.4103,1102.5586,0.0967,2.0919),(433,106,'dbscan',0,0,0,0.0000,NULL,NULL,NULL,NULL,NULL),(434,106,'birch',3,0,0,0.0958,0.0534,62.9410,1957.7973,0.1131,3.2033),(435,106,'meanshift',1,0,0,0.0000,NULL,NULL,NULL,NULL,NULL),(436,107,'kmeans_++',3,0,0,0.1573,0.0968,87.3714,712.8298,0.1057,2.6492),(437,107,'kmeans_random',6,0,0,0.1417,0.1093,74.1875,1425.1899,0.0951,2.1547),(438,107,'kmeans_pca',5,0,0,0.1505,0.0987,74.9270,1249.2501,0.1105,2.3179),(439,107,'dbscan',0,0,0,0.0000,NULL,NULL,NULL,NULL,NULL),(440,107,'birch',3,0,0,0.0618,0.0616,51.5869,819.0343,0.1260,3.4568),(441,107,'meanshift',1,0,0,0.0000,NULL,NULL,NULL,NULL,NULL),(442,108,'kmeans_++',4,0,0,0.3458,0.0482,41.1620,10689.3759,0.2139,3.4742),(443,108,'kmeans_random',4,0,0,0.1430,0.0493,40.8681,12037.3990,0.2082,3.5317),(444,108,'kmeans_pca',5,0,0,0.1435,0.0385,36.9671,14041.4979,0.2137,3.3608),(445,108,'dbscan',0,0,0,0.0000,NULL,NULL,NULL,NULL,NULL),(446,108,'birch',3,0,0,0.0682,0.0358,24.5139,235947.7994,0.2395,5.0275),(447,108,'meanshift',1,0,0,0.0000,NULL,NULL,NULL,NULL,NULL),(448,109,'kmeans_++',3,0,0,0.2507,0.0284,29.5429,27022.0381,0.0201,4.6783),(449,109,'kmeans_random',3,0,0,0.1576,0.0272,30.4950,26653.6527,0.0179,4.5395),(450,109,'kmeans_pca',6,0,0,0.1505,0.0048,22.9551,47372.4074,0.0138,3.8679),(451,109,'dbscan',0,0,0,0.0000,NULL,NULL,NULL,NULL,NULL),(452,109,'birch',3,0,0,0.0669,0.0306,15.8107,104719.8357,0.3251,6.0162),(453,109,'meanshift',1,0,0,0.0000,NULL,NULL,NULL,NULL,NULL),(454,110,'kmeans_++',3,0,0,0.1501,0.0954,91.3176,577.7085,0.0181,2.4735),(455,110,'kmeans_random',3,0,0,0.1553,0.0957,91.2199,562.0305,0.0178,2.4896),(456,110,'kmeans_pca',3,0,0,0.1570,0.1007,90.8032,913.7829,0.0169,2.4427),(457,110,'dbscan',0,0,0,0.0000,NULL,NULL,NULL,NULL,NULL),(458,110,'birch',3,0,0,0.0725,0.1687,50.7354,4966.8843,0.0922,3.3344),(459,110,'meanshift',12,0,0,0.8720,0.1559,13.5908,5113.8851,0.1117,1.5551),(460,111,'kmeans_++',6,0,0,0.1449,0.1959,134.9828,1207.5931,0.0212,1.5700),(461,111,'kmeans_random',6,0,0,0.1441,0.1580,134.9756,1173.1921,0.0217,1.7683),(462,111,'kmeans_pca',8,0,0,0.1438,0.1706,127.9568,1472.9264,0.0214,1.5336),(463,111,'dbscan',0,0,0,0.0000,NULL,NULL,NULL,NULL,NULL),(464,111,'birch',8,0,0,0.0605,0.2312,88.7320,1752.4983,0.0338,1.6762),(465,111,'meanshift',37,38,0,1.4718,0.2029,13.1843,7475.7417,0.2238,1.1142),(466,112,'kmeans_++',6,0,0,0.1451,0.1342,95.6043,1217.9701,0.1019,2.0163),(467,112,'kmeans_random',4,0,0,0.1471,0.1212,107.3111,905.0862,0.0996,2.2793),(468,112,'kmeans_pca',7,0,0,0.1446,0.1166,79.8924,1093.7859,0.0886,2.0165),(469,112,'dbscan',0,0,0,0.0000,NULL,NULL,NULL,NULL,NULL),(470,112,'birch',9,0,0,0.0848,0.0800,56.0860,2311.9470,0.1552,2.2369),(471,112,'meanshift',1,0,0,0.0000,NULL,NULL,NULL,NULL,NULL),(472,113,'kmeans_++',3,0,0,0.1595,0.1784,162.5297,531.4528,0.0991,2.0734),(473,113,'kmeans_random',3,0,0,0.1577,0.1785,162.5488,544.2905,0.0991,2.0626),(474,113,'kmeans_pca',3,0,0,0.1562,0.1785,162.5513,527.1815,0.0991,2.0728),(475,113,'dbscan',0,0,0,0.0000,NULL,NULL,NULL,NULL,NULL),(476,113,'birch',9,0,0,0.0799,0.1309,60.7627,1406.1314,0.1376,2.3267),(477,113,'meanshift',1,0,0,0.0000,NULL,NULL,NULL,NULL,NULL),(478,114,'kmeans_++',5,0,0,0.1486,0.3623,196.0572,891.6224,0.1247,1.7377),(479,114,'kmeans_random',5,0,0,0.1470,0.3637,195.9464,841.9194,0.1068,1.7357),(480,114,'kmeans_pca',4,0,0,0.1449,0.3477,217.9649,1143.2475,0.1042,1.8553),(481,114,'dbscan',2,0,368,0.0229,0.5829,702.9314,7060.9198,0.1772,0.6169),(482,114,'birch',8,0,0,0.0661,0.2944,95.4127,2200.6578,0.1450,2.0605),(483,114,'meanshift',1,0,0,0.0000,NULL,NULL,NULL,NULL,NULL),(484,115,'kmeans_++',3,0,0,0.1535,0.1347,124.8242,883.2848,0.0938,2.3303),(485,115,'kmeans_random',4,0,0,0.1474,0.1499,116.7145,861.4344,0.0996,2.0684),(486,115,'kmeans_pca',6,0,0,0.1463,0.1442,92.9451,1024.0401,0.1163,2.0112),(487,115,'dbscan',0,0,0,0.0000,NULL,NULL,NULL,NULL,NULL),(488,115,'birch',3,0,0,0.0862,0.0887,81.7526,1201.9503,0.1442,2.8496),(489,115,'meanshift',1,0,0,0.0000,NULL,NULL,NULL,NULL,NULL),(490,116,'kmeans_++',5,0,0,0.1439,0.3401,196.7020,473.7386,0.1141,1.7068),(491,116,'kmeans_random',5,0,0,0.1449,0.3403,196.7026,474.6914,0.1141,1.7030),(492,116,'kmeans_pca',3,0,0,0.1569,0.2578,199.5425,505.3566,0.0930,1.7035),(493,116,'dbscan',0,0,0,0.0000,NULL,NULL,NULL,NULL,NULL),(494,116,'birch',8,0,0,0.0671,0.2599,88.1009,1187.7350,0.1419,2.2396),(495,116,'meanshift',1,0,0,0.0000,NULL,NULL,NULL,NULL,NULL),(496,117,'kmeans_++',4,0,0,0.1452,0.1521,123.7375,1024.8276,0.1107,2.0158),(497,117,'kmeans_random',3,0,0,0.1547,0.1318,125.6007,590.1242,0.0841,2.2688),(498,117,'kmeans_pca',4,0,0,0.1451,0.1347,115.0203,973.4967,0.0966,2.1999),(499,117,'dbscan',0,0,0,0.0000,NULL,NULL,NULL,NULL,NULL),(500,117,'birch',3,0,0,0.0578,0.0926,83.6522,757.6567,0.1397,2.7910),(501,117,'meanshift',1,0,0,0.0000,NULL,NULL,NULL,NULL,NULL),(502,118,'kmeans_++',8,0,0,0.1455,0.3624,174.8795,1689.3002,0.1166,1.5517),(503,118,'kmeans_random',8,0,0,0.1445,0.3640,175.5570,1679.9443,0.1284,1.5392),(504,118,'kmeans_pca',6,0,0,0.1450,0.3188,178.3820,1381.0657,0.1070,1.7261);
/*!40000 ALTER TABLE `old_clustering_metric` ENABLE KEYS */;
UNLOCK TABLES;

--
-- Table structure for table `rule_ind_metric`
--

DROP TABLE IF EXISTS `rule_ind_metric`;
/*!40101 SET @saved_cs_client     = @@character_set_client */;
/*!40101 SET character_set_client = utf8 */;
CREATE TABLE `rule_ind_metric` (
  `id` bigint(20) NOT NULL AUTO_INCREMENT,
  `dataset_id` bigint(20) DEFAULT NULL,
  `clustering_metric_id` bigint(20) DEFAULT NULL,
  `algorithm` char(6) DEFAULT NULL,
  `total_rules` int(11) DEFAULT NULL,
  `elap_time` decimal(11,4) DEFAULT NULL,
  `auc` decimal(11,4) DEFAULT NULL,
  PRIMARY KEY (`id`)
) ENGINE=InnoDB AUTO_INCREMENT=135 DEFAULT CHARSET=latin1;
/*!40101 SET character_set_client = @saved_cs_client */;

--
-- Dumping data for table `rule_ind_metric`
--

LOCK TABLES `rule_ind_metric` WRITE;
/*!40000 ALTER TABLE `rule_ind_metric` DISABLE KEYS */;
INSERT INTO `rule_ind_metric` VALUES (43,24,139,'cn2',11,0.9875,9.0000),(44,24,139,'cart',15,0.0021,6.5000),(45,25,145,'cn2',16,1.5911,12.5000),(46,25,145,'cart',8,0.0017,12.5000),(47,26,151,'cn2',14,2.0628,1.0000),(48,26,151,'cart',7,0.0031,2.0000),(49,27,157,'cn2',10,2.5110,8.0000),(50,27,157,'cart',16,0.0060,10.0000),(51,28,163,'cn2',11,1.3826,0.0000),(52,28,163,'cart',8,0.0031,2.0000),(53,29,169,'cn2',6,0.3253,0.0000),(54,29,169,'cart',4,0.0007,0.0000),(55,30,175,'cn2',10,0.8602,5.0000),(56,30,175,'cart',8,0.0015,5.0000),(57,31,181,'cn2',11,0.9302,2.0000),(58,31,181,'cart',9,0.0014,1.5000),(59,32,187,'cn2',8,0.7752,36.5000),(60,32,187,'cart',11,0.0015,28.0000),(61,33,193,'cn2',10,1.2188,42.5000),(62,33,193,'cart',10,0.0019,39.5000),(63,34,199,'cn2',6,0.3052,0.0000),(64,34,199,'cart',4,0.0004,0.0000),(65,35,205,'cn2',13,1.4274,29.5000),(66,35,205,'cart',8,0.0015,28.0000),(67,36,211,'cn2',3,0.1034,0.0000),(68,36,211,'cart',2,0.0003,0.0000),(69,37,217,'cn2',4,0.4058,0.0000),(70,37,217,'cart',5,0.0025,0.0000),(71,38,223,'cn2',3,0.2086,0.0000),(72,38,223,'cart',3,0.0012,0.0000),(73,39,229,'cn2',11,0.9373,2.0000),(74,39,229,'cart',9,0.0017,1.5000),(75,40,235,'cn2',4,0.4340,0.0000),(76,40,235,'cart',5,0.0021,0.0000),(77,41,241,'cn2',5,0.7047,0.0000),(78,41,241,'cart',5,0.0024,0.0000),(79,42,247,'cn2',5,0.5768,0.0000),(80,42,247,'cart',6,0.0029,0.0000),(81,43,253,'cn2',3,0.1932,1.5000),(82,43,253,'cart',3,0.0003,1.5000),(83,44,259,'cn2',5,0.2413,1.5000),(84,44,259,'cart',3,0.0003,1.5000),(85,45,265,'cn2',4,0.2479,1.5000),(86,45,265,'cart',3,0.0003,1.5000),(87,46,271,'cn2',12,1.0744,2.5000),(88,46,271,'cart',10,0.0017,1.0000),(89,47,277,'cn2',13,1.2680,5.5000),(90,47,277,'cart',8,0.0021,6.0000),(91,48,283,'cn2',8,0.7937,4.0000),(92,48,283,'cart',7,0.0024,4.0000),(93,49,289,'cn2',3,0.0891,3.0000),(94,49,289,'cart',3,0.0005,3.0000),(95,50,295,'cn2',14,1.2053,3.0000),(96,50,295,'cart',15,0.0022,3.0000),(97,51,301,'cn2',11,1.1697,28.5000),(98,51,301,'cart',12,0.0023,22.5000),(99,52,307,'cn2',12,2.3279,8.0000),(100,52,307,'cart',9,0.0032,18.0000),(101,53,313,'cn2',16,4.0465,3.5000),(102,53,313,'cart',9,0.0054,1.0000),(103,54,319,'cn2',10,1.4405,0.0000),(104,54,319,'cart',9,0.0050,0.0000),(105,55,325,'cn2',4,0.2583,0.0000),(106,55,325,'cart',4,0.0010,0.0000),(107,56,331,'cn2',16,1.4636,1.5000),(108,56,331,'cart',9,0.0017,2.0000),(109,57,337,'cn2',4,0.2246,0.0000),(110,57,337,'cart',3,0.0004,0.0000),(111,58,343,'cn2',3,0.1334,0.5000),(112,58,343,'cart',3,0.0004,0.5000),(113,59,349,'cn2',15,1.3790,5.5000),(114,59,349,'cart',9,0.0015,3.5000),(115,60,355,'cn2',9,0.9563,5.0000),(116,60,355,'cart',8,0.0014,5.0000),(117,61,361,'cn2',12,1.2650,13.5000),(118,61,361,'cart',14,0.0017,11.0000),(119,62,367,'cn2',8,0.5414,2.0000),(120,62,367,'cart',7,0.0008,2.0000),(121,63,373,'cn2',3,0.3765,0.0000),(122,63,373,'cart',5,0.0025,0.0000),(123,64,379,'cn2',6,0.4608,0.0000),(124,64,379,'cart',5,0.0024,0.0000),(125,65,385,'cn2',5,0.4833,0.0000),(126,65,385,'cart',6,0.0028,0.0000),(127,66,391,'cn2',5,0.6252,0.0000),(128,66,391,'cart',5,0.0024,0.0000),(129,67,397,'cn2',6,1.0361,6.0000),(130,67,397,'cart',6,0.0033,0.0000),(131,68,403,'cn2',4,1.0168,45.5000),(132,68,403,'cart',7,0.0039,71.5000),(133,69,409,'cn2',3,0.2105,1.5000),(134,69,409,'cart',3,0.0003,1.5000);
/*!40000 ALTER TABLE `rule_ind_metric` ENABLE KEYS */;
UNLOCK TABLES;

--
-- Table structure for table `run`
--

DROP TABLE IF EXISTS `run`;
/*!40101 SET @saved_cs_client     = @@character_set_client */;
/*!40101 SET character_set_client = utf8 */;
CREATE TABLE `run` (
  `id` bigint(20) NOT NULL AUTO_INCREMENT,
  `start_date` datetime DEFAULT NULL,
  `end_time` datetime DEFAULT NULL,
  PRIMARY KEY (`id`)
) ENGINE=InnoDB AUTO_INCREMENT=50 DEFAULT CHARSET=latin1;
/*!40101 SET character_set_client = @saved_cs_client */;

--
-- Dumping data for table `run`
--

LOCK TABLES `run` WRITE;
/*!40000 ALTER TABLE `run` DISABLE KEYS */;
INSERT INTO `run` VALUES (2,'2018-06-08 12:01:07',NULL),(3,'2018-06-08 12:02:16','2018-06-08 12:16:01'),(4,'2018-06-08 12:19:30',NULL),(5,'2018-06-08 13:36:58',NULL),(6,'2018-06-08 13:37:00',NULL),(7,'2018-06-08 13:39:33',NULL),(8,'2018-06-08 13:39:35',NULL),(9,'2018-06-08 13:39:37',NULL),(10,'2018-06-08 13:39:39',NULL),(11,'2018-06-08 13:39:40',NULL),(12,'2018-06-08 13:39:41',NULL),(13,'2018-06-08 13:39:43',NULL),(14,'2018-06-08 13:39:44',NULL),(15,'2018-06-08 13:39:45',NULL),(16,'2018-06-08 13:39:47',NULL),(17,'2018-06-08 13:39:48',NULL),(18,'2018-06-08 13:39:49',NULL),(19,'2018-06-08 13:39:51',NULL),(20,'2018-06-08 13:40:53',NULL),(21,'2018-06-08 13:41:18',NULL),(22,'2018-06-08 13:41:19',NULL),(23,'2018-06-08 13:41:21',NULL),(24,'2018-06-08 13:41:22',NULL),(25,'2018-06-08 13:41:24',NULL),(26,'2018-06-08 13:41:34',NULL),(27,'2018-06-08 13:41:35',NULL),(28,'2018-06-08 13:41:36',NULL),(29,'2018-06-08 13:41:37',NULL),(30,'2018-06-08 13:41:38',NULL),(31,'2018-06-08 13:41:40',NULL),(32,'2018-06-08 13:41:41',NULL),(33,'2018-06-08 13:41:42',NULL),(34,'2018-06-08 13:41:44',NULL),(35,'2018-06-08 13:41:45',NULL),(36,'2018-06-08 13:41:46',NULL),(37,'2018-06-08 13:41:48',NULL),(38,'2018-06-08 13:41:49',NULL),(39,'2018-06-08 13:41:50',NULL),(40,'2018-06-08 13:41:52',NULL),(41,'2018-06-08 13:41:53',NULL),(42,'2018-06-08 13:41:54',NULL),(43,'2018-06-08 13:41:55',NULL),(44,'2018-06-08 13:41:57',NULL),(45,'2018-06-08 13:41:58',NULL),(46,'2018-06-08 13:41:59',NULL),(47,'2018-06-09 10:15:57',NULL),(48,'2018-06-09 10:16:57',NULL),(49,'2018-06-09 10:20:38',NULL);
/*!40000 ALTER TABLE `run` ENABLE KEYS */;
UNLOCK TABLES;
/*!50112 SET @disable_bulk_load = IF (@is_rocksdb_supported, 'SET SESSION rocksdb_bulk_load = @old_rocksdb_bulk_load', 'SET @dummy_rocksdb_bulk_load = 0') */;
/*!50112 PREPARE s FROM @disable_bulk_load */;
/*!50112 EXECUTE s */;
/*!50112 DEALLOCATE PREPARE s */;
/*!40103 SET TIME_ZONE=@OLD_TIME_ZONE */;

/*!40101 SET SQL_MODE=@OLD_SQL_MODE */;
/*!40014 SET FOREIGN_KEY_CHECKS=@OLD_FOREIGN_KEY_CHECKS */;
/*!40014 SET UNIQUE_CHECKS=@OLD_UNIQUE_CHECKS */;
/*!40101 SET CHARACTER_SET_CLIENT=@OLD_CHARACTER_SET_CLIENT */;
/*!40101 SET CHARACTER_SET_RESULTS=@OLD_CHARACTER_SET_RESULTS */;
/*!40101 SET COLLATION_CONNECTION=@OLD_COLLATION_CONNECTION */;
/*!40111 SET SQL_NOTES=@OLD_SQL_NOTES */;

-- Dump completed on 2018-06-09 10:23:17
